SecCoreStartupWithStack(0xFFFDC000, 0x820000)
SEC: Normal boot
DecompressMemFvs: OutputBuffer@A00000+0xF50090 ScratchBuffer@1A00000+0x10000 PcdOvmfDecompressionScratchEnd=0x1A10000
Register PPI Notify: DCD0BE23-9586-40F4-B643-06522CED4EDE
Install PPI: 8C8CE578-8A3D-4F1C-9935-896185C32DD3
Install PPI: 5473C07A-3DCB-4DCA-BD6F-1E9689E7349A
The 0th FV[6938079B-B503-4E3D-9D24-B28337A25806] start address is 0x00000830000, size is 0x000D0000, handle is 0x830000
Register PPI Notify: 49EDB1C1-BF21-4761-BB12-EB0031AABB39
Register PPI Notify: EA7CA24B-DED5-4DAD-A389-BF827E8F9B38
Install PPI: B9E0ABFE-5979-4914-977F-6DEE78C278A6
Install PPI: DBE23AA9-A345-4B97-85B6-B226F1617389
Install PPI: 138F9CF4-F0E7-4721-8F49-F5FFECF42D40
Install PPI: 869C711D-649C-44FE-8B9E-2CBB2911C3E6
Register PPI Notify: 605EA650-C65C-42E1-BA80-91A52AB618C6
DiscoverPeimsAndOrderWithApriori(): Found 0x8 PEI FFS files in the 0th FV
Loading PEIM 9B3ADA4F-AE56-4C24-8DEA-F03B7558AE50
Loading PEIM at 0x0000083CAC0 EntryPoint=0x0000083FB55 PcdPeim.efi
Install PPI: 06E81C58-4AD7-44BC-8390-F10265F72480
Install PPI: 01F34D25-4DE2-23AD-3FF3-36353FF323F1
Install PPI: 4D8B155B-C059-4C8F-8926-06FD4331DB8A
Install PPI: A60C6B59-E459-425D-9C69-0BCC9CB27D81
Register PPI Notify: 605EA650-C65C-42E1-BA80-91A52AB618C6
Loading PEIM A3610442-E69F-4DF3-82CA-2360C4031A23
Loading PEIM at 0x00000841640 EntryPoint=0x00000842978 ReportStatusCodeRouterPei.efi
Install PPI: 0065D394-9951-4144-82A3-0AFC8579C251
Install PPI: 229832D3-7A30-4B36-B827-F40CB7D45436
Loading PEIM 9D225237-FA01-464C-A949-BAABC02D31D0
Loading PEIM at 0x000008436C0 EntryPoint=0x000008448B7 StatusCodeHandlerPei.efi
Loading PEIM 222C386D-5ABC-4FB4-B124-FBB82488ACF4
Loading PEIM at 0x000008455C0 EntryPoint=0x00000851C97 PlatformPei.efi
Platform PEIM Loaded
Select Item: 0x0
Select Item: 0x1
QemuFwCfgProbe: Supported 1, DMA 1
Select Item: 0x19
Select Item: 0x19
Select Item: 0x19
Select Item: 0x19
Select Item: 0x19
Select Item: 0x19
Select Item: 0x19
Select Item: 0x19
Select Item: 0x0
Cache FwCfg Name: QemuFwCfgSignature Item:0x0 Size: 0x4 
Select Item: 0x1
Cache FwCfg Name: QemuFwCfgInterfaceVersion Item:0x1 Size: 0x4 
Select Item: 0x19
Cache FwCfg Name: QemuFwCfgFileDri Item:0x19 Size: 0x3C4 
Select Item: 0x25
Cache FwCfg Name: etc/e820 Item:0x25 Size: 0x28 
Select Item: 0x2B
Cache FwCfg Name: etc/system-states Item:0x2B Size: 0x6 
Select Item: 0xE
Cache FwCfg Name: BootMenu Item:0xE Size: 0x2 
QemuFwCfgInitCache Pass!!!
CMOS:
00: 27 00 03 00 01 00 04 18 03 26 26 02 00 80 00 00
10: 00 00 F0 00 06 80 02 FF FF 2F 00 82 00 10 FF FF
20: C8 82 00 3F 00 00 00 00 00 00 00 00 00 00 00 00
30: FF FF 20 00 00 0F 00 20 30 00 00 00 00 12 00 00
40: 00 00 00 00 00 00 00 00 00 00 00 00 00 00 00 00
50: 00 00 00 00 00 00 00 00 00 00 00 00 00 00 00 00
60: 00 00 00 00 00 00 00 00 00 00 00 00 00 00 00 00
70: 00 00 00 00 00 00 00 00 00 00 00 00 00 00 00 00
Select Item: 0x19
InternalQemuFwCfgCacheReadBytes: found Item 0x19 in FwCfg Cache
InternalQemuFwCfgCacheReadBytes: found Item 0x19 in FwCfg Cache
InternalQemuFwCfgCacheReadBytes: found Item 0x19 in FwCfg Cache
InternalQemuFwCfgCacheReadBytes: found Item 0x19 in FwCfg Cache
InternalQemuFwCfgCacheReadBytes: found Item 0x19 in FwCfg Cache
InternalQemuFwCfgCacheReadBytes: found Item 0x19 in FwCfg Cache
InternalQemuFwCfgCacheReadBytes: found Item 0x19 in FwCfg Cache
InternalQemuFwCfgCacheReadBytes: found Item 0x19 in FwCfg Cache
InternalQemuFwCfgCacheReadBytes: found Item 0x19 in FwCfg Cache
InternalQemuFwCfgCacheReadBytes: found Item 0x19 in FwCfg Cache
InternalQemuFwCfgCacheReadBytes: found Item 0x19 in FwCfg Cache
InternalQemuFwCfgCacheReadBytes: found Item 0x19 in FwCfg Cache
InternalQemuFwCfgCacheReadBytes: found Item 0x19 in FwCfg Cache
InternalQemuFwCfgCacheReadBytes: found Item 0x19 in FwCfg Cache
InternalQemuFwCfgCacheReadBytes: found Item 0x19 in FwCfg Cache
InternalQemuFwCfgCacheReadBytes: found Item 0x19 in FwCfg Cache
InternalQemuFwCfgCacheReadBytes: found Item 0x19 in FwCfg Cache
InternalQemuFwCfgCacheReadBytes: found Item 0x19 in FwCfg Cache
InternalQemuFwCfgCacheReadBytes: found Item 0x19 in FwCfg Cache
InternalQemuFwCfgCacheReadBytes: found Item 0x19 in FwCfg Cache
InternalQemuFwCfgCacheReadBytes: found Item 0x19 in FwCfg Cache
InternalQemuFwCfgCacheReadBytes: found Item 0x19 in FwCfg Cache
InternalQemuFwCfgCacheReadBytes: found Item 0x19 in FwCfg Cache
InternalQemuFwCfgCacheReadBytes: found Item 0x19 in FwCfg Cache
InternalQemuFwCfgCacheReadBytes: found Item 0x19 in FwCfg Cache
InternalQemuFwCfgCacheReadBytes: found Item 0x19 in FwCfg Cache
InternalQemuFwCfgCacheReadBytes: found Item 0x19 in FwCfg Cache
InternalQemuFwCfgCacheReadBytes: found Item 0x19 in FwCfg Cache
InternalQemuFwCfgCacheReadBytes: found Item 0x19 in FwCfg Cache
InternalQemuFwCfgCacheReadBytes: found Item 0x19 in FwCfg Cache
InternalQemuFwCfgCacheReadBytes: found Item 0x19 in FwCfg Cache
InternalQemuFwCfgCacheReadBytes: found Item 0x19 in FwCfg Cache
InternalQemuFwCfgCacheReadBytes: found Item 0x19 in FwCfg Cache
InternalQemuFwCfgCacheReadBytes: found Item 0x19 in FwCfg Cache
InternalQemuFwCfgCacheReadBytes: found Item 0x19 in FwCfg Cache
InternalQemuFwCfgCacheReadBytes: found Item 0x19 in FwCfg Cache
InternalQemuFwCfgCacheReadBytes: found Item 0x19 in FwCfg Cache
InternalQemuFwCfgCacheReadBytes: found Item 0x19 in FwCfg Cache
InternalQemuFwCfgCacheReadBytes: found Item 0x19 in FwCfg Cache
InternalQemuFwCfgCacheReadBytes: found Item 0x19 in FwCfg Cache
InternalQemuFwCfgCacheReadBytes: found Item 0x19 in FwCfg Cache
InternalQemuFwCfgCacheReadBytes: found Item 0x19 in FwCfg Cache
InternalQemuFwCfgCacheReadBytes: found Item 0x19 in FwCfg Cache
InternalQemuFwCfgCacheReadBytes: found Item 0x19 in FwCfg Cache
InternalQemuFwCfgCacheReadBytes: found Item 0x19 in FwCfg Cache
InternalQemuFwCfgCacheReadBytes: found Item 0x19 in FwCfg Cache
InternalQemuFwCfgCacheReadBytes: found Item 0x19 in FwCfg Cache
InternalQemuFwCfgCacheReadBytes: found Item 0x19 in FwCfg Cache
InternalQemuFwCfgCacheReadBytes: found Item 0x19 in FwCfg Cache
Select Item: 0x2B
InternalQemuFwCfgCacheReadBytes: found Item 0x2B in FwCfg Cache
S3 support was detected on QEMU
Install PPI: 7408D748-FC8C-4EE6-9288-C4BEC092A410
Select Item: 0x19
InternalQemuFwCfgCacheReadBytes: found Item 0x19 in FwCfg Cache
InternalQemuFwCfgCacheReadBytes: found Item 0x19 in FwCfg Cache
InternalQemuFwCfgCacheReadBytes: found Item 0x19 in FwCfg Cache
InternalQemuFwCfgCacheReadBytes: found Item 0x19 in FwCfg Cache
InternalQemuFwCfgCacheReadBytes: found Item 0x19 in FwCfg Cache
InternalQemuFwCfgCacheReadBytes: found Item 0x19 in FwCfg Cache
InternalQemuFwCfgCacheReadBytes: found Item 0x19 in FwCfg Cache
InternalQemuFwCfgCacheReadBytes: found Item 0x19 in FwCfg Cache
InternalQemuFwCfgCacheReadBytes: found Item 0x19 in FwCfg Cache
InternalQemuFwCfgCacheReadBytes: found Item 0x19 in FwCfg Cache
InternalQemuFwCfgCacheReadBytes: found Item 0x19 in FwCfg Cache
InternalQemuFwCfgCacheReadBytes: found Item 0x19 in FwCfg Cache
InternalQemuFwCfgCacheReadBytes: found Item 0x19 in FwCfg Cache
InternalQemuFwCfgCacheReadBytes: found Item 0x19 in FwCfg Cache
InternalQemuFwCfgCacheReadBytes: found Item 0x19 in FwCfg Cache
InternalQemuFwCfgCacheReadBytes: found Item 0x19 in FwCfg Cache
InternalQemuFwCfgCacheReadBytes: found Item 0x19 in FwCfg Cache
InternalQemuFwCfgCacheReadBytes: found Item 0x19 in FwCfg Cache
InternalQemuFwCfgCacheReadBytes: found Item 0x19 in FwCfg Cache
InternalQemuFwCfgCacheReadBytes: found Item 0x19 in FwCfg Cache
InternalQemuFwCfgCacheReadBytes: found Item 0x19 in FwCfg Cache
InternalQemuFwCfgCacheReadBytes: found Item 0x19 in FwCfg Cache
InternalQemuFwCfgCacheReadBytes: found Item 0x19 in FwCfg Cache
InternalQemuFwCfgCacheReadBytes: found Item 0x19 in FwCfg Cache
InternalQemuFwCfgCacheReadBytes: found Item 0x19 in FwCfg Cache
InternalQemuFwCfgCacheReadBytes: found Item 0x19 in FwCfg Cache
InternalQemuFwCfgCacheReadBytes: found Item 0x19 in FwCfg Cache
InternalQemuFwCfgCacheReadBytes: found Item 0x19 in FwCfg Cache
InternalQemuFwCfgCacheReadBytes: found Item 0x19 in FwCfg Cache
InternalQemuFwCfgCacheReadBytes: found Item 0x19 in FwCfg Cache
InternalQemuFwCfgCacheReadBytes: found Item 0x19 in FwCfg Cache
InternalQemuFwCfgCacheReadBytes: found Item 0x19 in FwCfg Cache
InternalQemuFwCfgCacheReadBytes: found Item 0x19 in FwCfg Cache
InternalQemuFwCfgCacheReadBytes: found Item 0x19 in FwCfg Cache
InternalQemuFwCfgCacheReadBytes: found Item 0x19 in FwCfg Cache
InternalQemuFwCfgCacheReadBytes: found Item 0x19 in FwCfg Cache
InternalQemuFwCfgCacheReadBytes: found Item 0x19 in FwCfg Cache
InternalQemuFwCfgCacheReadBytes: found Item 0x19 in FwCfg Cache
InternalQemuFwCfgCacheReadBytes: found Item 0x19 in FwCfg Cache
InternalQemuFwCfgCacheReadBytes: found Item 0x19 in FwCfg Cache
InternalQemuFwCfgCacheReadBytes: found Item 0x19 in FwCfg Cache
InternalQemuFwCfgCacheReadBytes: found Item 0x19 in FwCfg Cache
InternalQemuFwCfgCacheReadBytes: found Item 0x19 in FwCfg Cache
InternalQemuFwCfgCacheReadBytes: found Item 0x19 in FwCfg Cache
InternalQemuFwCfgCacheReadBytes: found Item 0x19 in FwCfg Cache
InternalQemuFwCfgCacheReadBytes: found Item 0x19 in FwCfg Cache
InternalQemuFwCfgCacheReadBytes: found Item 0x19 in FwCfg Cache
InternalQemuFwCfgCacheReadBytes: found Item 0x19 in FwCfg Cache
InternalQemuFwCfgCacheReadBytes: found Item 0x19 in FwCfg Cache
InternalQemuFwCfgCacheReadBytes: found Item 0x19 in FwCfg Cache
InternalQemuFwCfgCacheReadBytes: found Item 0x19 in FwCfg Cache
InternalQemuFwCfgCacheReadBytes: found Item 0x19 in FwCfg Cache
InternalQemuFwCfgCacheReadBytes: found Item 0x19 in FwCfg Cache
InternalQemuFwCfgCacheReadBytes: found Item 0x19 in FwCfg Cache
InternalQemuFwCfgCacheReadBytes: found Item 0x19 in FwCfg Cache
InternalQemuFwCfgCacheReadBytes: found Item 0x19 in FwCfg Cache
InternalQemuFwCfgCacheReadBytes: found Item 0x19 in FwCfg Cache
InternalQemuFwCfgCacheReadBytes: found Item 0x19 in FwCfg Cache
InternalQemuFwCfgCacheReadBytes: found Item 0x19 in FwCfg Cache
InternalQemuFwCfgCacheReadBytes: found Item 0x19 in FwCfg Cache
InternalQemuFwCfgCacheReadBytes: found Item 0x19 in FwCfg Cache
Select Item: 0x19
InternalQemuFwCfgCacheReadBytes: found Item 0x19 in FwCfg Cache
InternalQemuFwCfgCacheReadBytes: found Item 0x19 in FwCfg Cache
InternalQemuFwCfgCacheReadBytes: found Item 0x19 in FwCfg Cache
InternalQemuFwCfgCacheReadBytes: found Item 0x19 in FwCfg Cache
InternalQemuFwCfgCacheReadBytes: found Item 0x19 in FwCfg Cache
InternalQemuFwCfgCacheReadBytes: found Item 0x19 in FwCfg Cache
InternalQemuFwCfgCacheReadBytes: found Item 0x19 in FwCfg Cache
InternalQemuFwCfgCacheReadBytes: found Item 0x19 in FwCfg Cache
InternalQemuFwCfgCacheReadBytes: found Item 0x19 in FwCfg Cache
InternalQemuFwCfgCacheReadBytes: found Item 0x19 in FwCfg Cache
InternalQemuFwCfgCacheReadBytes: found Item 0x19 in FwCfg Cache
InternalQemuFwCfgCacheReadBytes: found Item 0x19 in FwCfg Cache
InternalQemuFwCfgCacheReadBytes: found Item 0x19 in FwCfg Cache
InternalQemuFwCfgCacheReadBytes: found Item 0x19 in FwCfg Cache
InternalQemuFwCfgCacheReadBytes: found Item 0x19 in FwCfg Cache
InternalQemuFwCfgCacheReadBytes: found Item 0x19 in FwCfg Cache
InternalQemuFwCfgCacheReadBytes: found Item 0x19 in FwCfg Cache
InternalQemuFwCfgCacheReadBytes: found Item 0x19 in FwCfg Cache
InternalQemuFwCfgCacheReadBytes: found Item 0x19 in FwCfg Cache
InternalQemuFwCfgCacheReadBytes: found Item 0x19 in FwCfg Cache
InternalQemuFwCfgCacheReadBytes: found Item 0x19 in FwCfg Cache
InternalQemuFwCfgCacheReadBytes: found Item 0x19 in FwCfg Cache
InternalQemuFwCfgCacheReadBytes: found Item 0x19 in FwCfg Cache
InternalQemuFwCfgCacheReadBytes: found Item 0x19 in FwCfg Cache
InternalQemuFwCfgCacheReadBytes: found Item 0x19 in FwCfg Cache
Select Item: 0x25
InternalQemuFwCfgCacheReadBytes: found Item 0x25 in FwCfg Cache
InternalQemuFwCfgCacheReadBytes: found Item 0x25 in FwCfg Cache
Select Item: 0x19
InternalQemuFwCfgCacheReadBytes: found Item 0x19 in FwCfg Cache
InternalQemuFwCfgCacheReadBytes: found Item 0x19 in FwCfg Cache
InternalQemuFwCfgCacheReadBytes: found Item 0x19 in FwCfg Cache
InternalQemuFwCfgCacheReadBytes: found Item 0x19 in FwCfg Cache
InternalQemuFwCfgCacheReadBytes: found Item 0x19 in FwCfg Cache
InternalQemuFwCfgCacheReadBytes: found Item 0x19 in FwCfg Cache
InternalQemuFwCfgCacheReadBytes: found Item 0x19 in FwCfg Cache
InternalQemuFwCfgCacheReadBytes: found Item 0x19 in FwCfg Cache
InternalQemuFwCfgCacheReadBytes: found Item 0x19 in FwCfg Cache
InternalQemuFwCfgCacheReadBytes: found Item 0x19 in FwCfg Cache
InternalQemuFwCfgCacheReadBytes: found Item 0x19 in FwCfg Cache
InternalQemuFwCfgCacheReadBytes: found Item 0x19 in FwCfg Cache
InternalQemuFwCfgCacheReadBytes: found Item 0x19 in FwCfg Cache
InternalQemuFwCfgCacheReadBytes: found Item 0x19 in FwCfg Cache
InternalQemuFwCfgCacheReadBytes: found Item 0x19 in FwCfg Cache
InternalQemuFwCfgCacheReadBytes: found Item 0x19 in FwCfg Cache
InternalQemuFwCfgCacheReadBytes: found Item 0x19 in FwCfg Cache
InternalQemuFwCfgCacheReadBytes: found Item 0x19 in FwCfg Cache
InternalQemuFwCfgCacheReadBytes: found Item 0x19 in FwCfg Cache
InternalQemuFwCfgCacheReadBytes: found Item 0x19 in FwCfg Cache
InternalQemuFwCfgCacheReadBytes: found Item 0x19 in FwCfg Cache
InternalQemuFwCfgCacheReadBytes: found Item 0x19 in FwCfg Cache
InternalQemuFwCfgCacheReadBytes: found Item 0x19 in FwCfg Cache
InternalQemuFwCfgCacheReadBytes: found Item 0x19 in FwCfg Cache
InternalQemuFwCfgCacheReadBytes: found Item 0x19 in FwCfg Cache
InternalQemuFwCfgCacheReadBytes: found Item 0x19 in FwCfg Cache
InternalQemuFwCfgCacheReadBytes: found Item 0x19 in FwCfg Cache
InternalQemuFwCfgCacheReadBytes: found Item 0x19 in FwCfg Cache
InternalQemuFwCfgCacheReadBytes: found Item 0x19 in FwCfg Cache
InternalQemuFwCfgCacheReadBytes: found Item 0x19 in FwCfg Cache
InternalQemuFwCfgCacheReadBytes: found Item 0x19 in FwCfg Cache
InternalQemuFwCfgCacheReadBytes: found Item 0x19 in FwCfg Cache
InternalQemuFwCfgCacheReadBytes: found Item 0x19 in FwCfg Cache
InternalQemuFwCfgCacheReadBytes: found Item 0x19 in FwCfg Cache
InternalQemuFwCfgCacheReadBytes: found Item 0x19 in FwCfg Cache
InternalQemuFwCfgCacheReadBytes: found Item 0x19 in FwCfg Cache
InternalQemuFwCfgCacheReadBytes: found Item 0x19 in FwCfg Cache
InternalQemuFwCfgCacheReadBytes: found Item 0x19 in FwCfg Cache
InternalQemuFwCfgCacheReadBytes: found Item 0x19 in FwCfg Cache
InternalQemuFwCfgCacheReadBytes: found Item 0x19 in FwCfg Cache
InternalQemuFwCfgCacheReadBytes: found Item 0x19 in FwCfg Cache
InternalQemuFwCfgCacheReadBytes: found Item 0x19 in FwCfg Cache
InternalQemuFwCfgCacheReadBytes: found Item 0x19 in FwCfg Cache
InternalQemuFwCfgCacheReadBytes: found Item 0x19 in FwCfg Cache
InternalQemuFwCfgCacheReadBytes: found Item 0x19 in FwCfg Cache
InternalQemuFwCfgCacheReadBytes: found Item 0x19 in FwCfg Cache
InternalQemuFwCfgCacheReadBytes: found Item 0x19 in FwCfg Cache
InternalQemuFwCfgCacheReadBytes: found Item 0x19 in FwCfg Cache
InternalQemuFwCfgCacheReadBytes: found Item 0x19 in FwCfg Cache
InternalQemuFwCfgCacheReadBytes: found Item 0x19 in FwCfg Cache
InternalQemuFwCfgCacheReadBytes: found Item 0x19 in FwCfg Cache
InternalQemuFwCfgCacheReadBytes: found Item 0x19 in FwCfg Cache
InternalQemuFwCfgCacheReadBytes: found Item 0x19 in FwCfg Cache
InternalQemuFwCfgCacheReadBytes: found Item 0x19 in FwCfg Cache
InternalQemuFwCfgCacheReadBytes: found Item 0x19 in FwCfg Cache
InternalQemuFwCfgCacheReadBytes: found Item 0x19 in FwCfg Cache
InternalQemuFwCfgCacheReadBytes: found Item 0x19 in FwCfg Cache
InternalQemuFwCfgCacheReadBytes: found Item 0x19 in FwCfg Cache
InternalQemuFwCfgCacheReadBytes: found Item 0x19 in FwCfg Cache
InternalQemuFwCfgCacheReadBytes: found Item 0x19 in FwCfg Cache
InternalQemuFwCfgCacheReadBytes: found Item 0x19 in FwCfg Cache
Select Item: 0x19
InternalQemuFwCfgCacheReadBytes: found Item 0x19 in FwCfg Cache
InternalQemuFwCfgCacheReadBytes: found Item 0x19 in FwCfg Cache
InternalQemuFwCfgCacheReadBytes: found Item 0x19 in FwCfg Cache
InternalQemuFwCfgCacheReadBytes: found Item 0x19 in FwCfg Cache
InternalQemuFwCfgCacheReadBytes: found Item 0x19 in FwCfg Cache
InternalQemuFwCfgCacheReadBytes: found Item 0x19 in FwCfg Cache
InternalQemuFwCfgCacheReadBytes: found Item 0x19 in FwCfg Cache
InternalQemuFwCfgCacheReadBytes: found Item 0x19 in FwCfg Cache
InternalQemuFwCfgCacheReadBytes: found Item 0x19 in FwCfg Cache
InternalQemuFwCfgCacheReadBytes: found Item 0x19 in FwCfg Cache
InternalQemuFwCfgCacheReadBytes: found Item 0x19 in FwCfg Cache
InternalQemuFwCfgCacheReadBytes: found Item 0x19 in FwCfg Cache
InternalQemuFwCfgCacheReadBytes: found Item 0x19 in FwCfg Cache
InternalQemuFwCfgCacheReadBytes: found Item 0x19 in FwCfg Cache
InternalQemuFwCfgCacheReadBytes: found Item 0x19 in FwCfg Cache
InternalQemuFwCfgCacheReadBytes: found Item 0x19 in FwCfg Cache
InternalQemuFwCfgCacheReadBytes: found Item 0x19 in FwCfg Cache
InternalQemuFwCfgCacheReadBytes: found Item 0x19 in FwCfg Cache
InternalQemuFwCfgCacheReadBytes: found Item 0x19 in FwCfg Cache
InternalQemuFwCfgCacheReadBytes: found Item 0x19 in FwCfg Cache
InternalQemuFwCfgCacheReadBytes: found Item 0x19 in FwCfg Cache
InternalQemuFwCfgCacheReadBytes: found Item 0x19 in FwCfg Cache
InternalQemuFwCfgCacheReadBytes: found Item 0x19 in FwCfg Cache
InternalQemuFwCfgCacheReadBytes: found Item 0x19 in FwCfg Cache
InternalQemuFwCfgCacheReadBytes: found Item 0x19 in FwCfg Cache
InternalQemuFwCfgCacheReadBytes: found Item 0x19 in FwCfg Cache
InternalQemuFwCfgCacheReadBytes: found Item 0x19 in FwCfg Cache
InternalQemuFwCfgCacheReadBytes: found Item 0x19 in FwCfg Cache
InternalQemuFwCfgCacheReadBytes: found Item 0x19 in FwCfg Cache
InternalQemuFwCfgCacheReadBytes: found Item 0x19 in FwCfg Cache
InternalQemuFwCfgCacheReadBytes: found Item 0x19 in FwCfg Cache
InternalQemuFwCfgCacheReadBytes: found Item 0x19 in FwCfg Cache
InternalQemuFwCfgCacheReadBytes: found Item 0x19 in FwCfg Cache
InternalQemuFwCfgCacheReadBytes: found Item 0x19 in FwCfg Cache
InternalQemuFwCfgCacheReadBytes: found Item 0x19 in FwCfg Cache
InternalQemuFwCfgCacheReadBytes: found Item 0x19 in FwCfg Cache
InternalQemuFwCfgCacheReadBytes: found Item 0x19 in FwCfg Cache
InternalQemuFwCfgCacheReadBytes: found Item 0x19 in FwCfg Cache
InternalQemuFwCfgCacheReadBytes: found Item 0x19 in FwCfg Cache
InternalQemuFwCfgCacheReadBytes: found Item 0x19 in FwCfg Cache
InternalQemuFwCfgCacheReadBytes: found Item 0x19 in FwCfg Cache
InternalQemuFwCfgCacheReadBytes: found Item 0x19 in FwCfg Cache
InternalQemuFwCfgCacheReadBytes: found Item 0x19 in FwCfg Cache
InternalQemuFwCfgCacheReadBytes: found Item 0x19 in FwCfg Cache
InternalQemuFwCfgCacheReadBytes: found Item 0x19 in FwCfg Cache
InternalQemuFwCfgCacheReadBytes: found Item 0x19 in FwCfg Cache
InternalQemuFwCfgCacheReadBytes: found Item 0x19 in FwCfg Cache
InternalQemuFwCfgCacheReadBytes: found Item 0x19 in FwCfg Cache
InternalQemuFwCfgCacheReadBytes: found Item 0x19 in FwCfg Cache
InternalQemuFwCfgCacheReadBytes: found Item 0x19 in FwCfg Cache
InternalQemuFwCfgCacheReadBytes: found Item 0x19 in FwCfg Cache
InternalQemuFwCfgCacheReadBytes: found Item 0x19 in FwCfg Cache
InternalQemuFwCfgCacheReadBytes: found Item 0x19 in FwCfg Cache
InternalQemuFwCfgCacheReadBytes: found Item 0x19 in FwCfg Cache
InternalQemuFwCfgCacheReadBytes: found Item 0x19 in FwCfg Cache
InternalQemuFwCfgCacheReadBytes: found Item 0x19 in FwCfg Cache
InternalQemuFwCfgCacheReadBytes: found Item 0x19 in FwCfg Cache
InternalQemuFwCfgCacheReadBytes: found Item 0x19 in FwCfg Cache
InternalQemuFwCfgCacheReadBytes: found Item 0x19 in FwCfg Cache
InternalQemuFwCfgCacheReadBytes: found Item 0x19 in FwCfg Cache
InternalQemuFwCfgCacheReadBytes: found Item 0x19 in FwCfg Cache
PlatformSetupPagingLevel: using 4-level paging (la57 not supported by cpu)
PlatformAddressWidthFromCpuid: Signature: 'AuthenticAMD', PhysBits: 40, GuestPhysBits: 0, QemuQuirk: On, la57: Off, Valid: Yes
PlatformDynamicMmioWindow: using dynamic mmio window
PlatformDynamicMmioWindow:   Addr Space 0x10000000000 (1024 GB)
PlatformDynamicMmioWindow:   MMIO Space 0x2000000000 (128 GB)
Select Item: 0x19
InternalQemuFwCfgCacheReadBytes: found Item 0x19 in FwCfg Cache
InternalQemuFwCfgCacheReadBytes: found Item 0x19 in FwCfg Cache
InternalQemuFwCfgCacheReadBytes: found Item 0x19 in FwCfg Cache
InternalQemuFwCfgCacheReadBytes: found Item 0x19 in FwCfg Cache
InternalQemuFwCfgCacheReadBytes: found Item 0x19 in FwCfg Cache
InternalQemuFwCfgCacheReadBytes: found Item 0x19 in FwCfg Cache
InternalQemuFwCfgCacheReadBytes: found Item 0x19 in FwCfg Cache
InternalQemuFwCfgCacheReadBytes: found Item 0x19 in FwCfg Cache
InternalQemuFwCfgCacheReadBytes: found Item 0x19 in FwCfg Cache
InternalQemuFwCfgCacheReadBytes: found Item 0x19 in FwCfg Cache
InternalQemuFwCfgCacheReadBytes: found Item 0x19 in FwCfg Cache
InternalQemuFwCfgCacheReadBytes: found Item 0x19 in FwCfg Cache
InternalQemuFwCfgCacheReadBytes: found Item 0x19 in FwCfg Cache
InternalQemuFwCfgCacheReadBytes: found Item 0x19 in FwCfg Cache
InternalQemuFwCfgCacheReadBytes: found Item 0x19 in FwCfg Cache
InternalQemuFwCfgCacheReadBytes: found Item 0x19 in FwCfg Cache
InternalQemuFwCfgCacheReadBytes: found Item 0x19 in FwCfg Cache
InternalQemuFwCfgCacheReadBytes: found Item 0x19 in FwCfg Cache
InternalQemuFwCfgCacheReadBytes: found Item 0x19 in FwCfg Cache
InternalQemuFwCfgCacheReadBytes: found Item 0x19 in FwCfg Cache
InternalQemuFwCfgCacheReadBytes: found Item 0x19 in FwCfg Cache
InternalQemuFwCfgCacheReadBytes: found Item 0x19 in FwCfg Cache
InternalQemuFwCfgCacheReadBytes: found Item 0x19 in FwCfg Cache
InternalQemuFwCfgCacheReadBytes: found Item 0x19 in FwCfg Cache
InternalQemuFwCfgCacheReadBytes: found Item 0x19 in FwCfg Cache
Select Item: 0x25
InternalQemuFwCfgCacheReadBytes: found Item 0x25 in FwCfg Cache
PlatformReservationConflictCB: move mmio: 0xE000000000 => C000000000
InternalQemuFwCfgCacheReadBytes: found Item 0x25 in FwCfg Cache
PlatformDynamicMmioWindow:   Pci64 Base 0xC000000000
PlatformDynamicMmioWindow:   Pci64 Size 0x2000000000
AddressWidthInitialization: Pci64Base=0xC000000000 Pci64Size=0x2000000000
Select Item: 0x5
PlatformMaxCpuCountInitialization: CmdData2=0x0
PlatformMaxCpuCountInitialization: BootCpuCount=1 MaxCpuCount=1
Select Item: 0x19
InternalQemuFwCfgCacheReadBytes: found Item 0x19 in FwCfg Cache
InternalQemuFwCfgCacheReadBytes: found Item 0x19 in FwCfg Cache
InternalQemuFwCfgCacheReadBytes: found Item 0x19 in FwCfg Cache
InternalQemuFwCfgCacheReadBytes: found Item 0x19 in FwCfg Cache
InternalQemuFwCfgCacheReadBytes: found Item 0x19 in FwCfg Cache
InternalQemuFwCfgCacheReadBytes: found Item 0x19 in FwCfg Cache
InternalQemuFwCfgCacheReadBytes: found Item 0x19 in FwCfg Cache
InternalQemuFwCfgCacheReadBytes: found Item 0x19 in FwCfg Cache
InternalQemuFwCfgCacheReadBytes: found Item 0x19 in FwCfg Cache
InternalQemuFwCfgCacheReadBytes: found Item 0x19 in FwCfg Cache
InternalQemuFwCfgCacheReadBytes: found Item 0x19 in FwCfg Cache
InternalQemuFwCfgCacheReadBytes: found Item 0x19 in FwCfg Cache
InternalQemuFwCfgCacheReadBytes: found Item 0x19 in FwCfg Cache
InternalQemuFwCfgCacheReadBytes: found Item 0x19 in FwCfg Cache
InternalQemuFwCfgCacheReadBytes: found Item 0x19 in FwCfg Cache
InternalQemuFwCfgCacheReadBytes: found Item 0x19 in FwCfg Cache
InternalQemuFwCfgCacheReadBytes: found Item 0x19 in FwCfg Cache
InternalQemuFwCfgCacheReadBytes: found Item 0x19 in FwCfg Cache
InternalQemuFwCfgCacheReadBytes: found Item 0x19 in FwCfg Cache
InternalQemuFwCfgCacheReadBytes: found Item 0x19 in FwCfg Cache
InternalQemuFwCfgCacheReadBytes: found Item 0x19 in FwCfg Cache
InternalQemuFwCfgCacheReadBytes: found Item 0x19 in FwCfg Cache
InternalQemuFwCfgCacheReadBytes: found Item 0x19 in FwCfg Cache
InternalQemuFwCfgCacheReadBytes: found Item 0x19 in FwCfg Cache
InternalQemuFwCfgCacheReadBytes: found Item 0x19 in FwCfg Cache
Select Item: 0x25
InternalQemuFwCfgCacheReadBytes: found Item 0x25 in FwCfg Cache
InternalQemuFwCfgCacheReadBytes: found Item 0x25 in FwCfg Cache
PlatformGetLowMemoryCB: LowMemory=0x10000000
GetPeiMemoryCap: page tables:   4112 KB (1/1/2/1024 pages for levels 5/4/3/2)
GetPeiMemoryCap: ap stacks:       32 KB (1 cpus)
GetPeiMemoryCap: memory cap:   69680 KB
PublishPeiMemory: PhysMemAddressWidth=40 PeiMemoryCap=69680 KB
PeiInstallPeiMemory MemoryBegin 0xBB6C000, MemoryLength 0x440C000
Select Item: 0x19
InternalQemuFwCfgCacheReadBytes: found Item 0x19 in FwCfg Cache
InternalQemuFwCfgCacheReadBytes: found Item 0x19 in FwCfg Cache
InternalQemuFwCfgCacheReadBytes: found Item 0x19 in FwCfg Cache
InternalQemuFwCfgCacheReadBytes: found Item 0x19 in FwCfg Cache
InternalQemuFwCfgCacheReadBytes: found Item 0x19 in FwCfg Cache
InternalQemuFwCfgCacheReadBytes: found Item 0x19 in FwCfg Cache
InternalQemuFwCfgCacheReadBytes: found Item 0x19 in FwCfg Cache
InternalQemuFwCfgCacheReadBytes: found Item 0x19 in FwCfg Cache
InternalQemuFwCfgCacheReadBytes: found Item 0x19 in FwCfg Cache
InternalQemuFwCfgCacheReadBytes: found Item 0x19 in FwCfg Cache
InternalQemuFwCfgCacheReadBytes: found Item 0x19 in FwCfg Cache
InternalQemuFwCfgCacheReadBytes: found Item 0x19 in FwCfg Cache
InternalQemuFwCfgCacheReadBytes: found Item 0x19 in FwCfg Cache
InternalQemuFwCfgCacheReadBytes: found Item 0x19 in FwCfg Cache
InternalQemuFwCfgCacheReadBytes: found Item 0x19 in FwCfg Cache
InternalQemuFwCfgCacheReadBytes: found Item 0x19 in FwCfg Cache
InternalQemuFwCfgCacheReadBytes: found Item 0x19 in FwCfg Cache
InternalQemuFwCfgCacheReadBytes: found Item 0x19 in FwCfg Cache
InternalQemuFwCfgCacheReadBytes: found Item 0x19 in FwCfg Cache
InternalQemuFwCfgCacheReadBytes: found Item 0x19 in FwCfg Cache
InternalQemuFwCfgCacheReadBytes: found Item 0x19 in FwCfg Cache
InternalQemuFwCfgCacheReadBytes: found Item 0x19 in FwCfg Cache
InternalQemuFwCfgCacheReadBytes: found Item 0x19 in FwCfg Cache
InternalQemuFwCfgCacheReadBytes: found Item 0x19 in FwCfg Cache
InternalQemuFwCfgCacheReadBytes: found Item 0x19 in FwCfg Cache
Select Item: 0x25
InternalQemuFwCfgCacheReadBytes: found Item 0x25 in FwCfg Cache
InternalQemuFwCfgCacheReadBytes: found Item 0x25 in FwCfg Cache
PlatformQemuUc32BaseInitialization: rounded UC32 base from 0x10000000 up to 0x80000000, for an UC32 size of 0x80000000
PlatformQemuInitializeRam called
Select Item: 0x19
InternalQemuFwCfgCacheReadBytes: found Item 0x19 in FwCfg Cache
InternalQemuFwCfgCacheReadBytes: found Item 0x19 in FwCfg Cache
InternalQemuFwCfgCacheReadBytes: found Item 0x19 in FwCfg Cache
InternalQemuFwCfgCacheReadBytes: found Item 0x19 in FwCfg Cache
InternalQemuFwCfgCacheReadBytes: found Item 0x19 in FwCfg Cache
InternalQemuFwCfgCacheReadBytes: found Item 0x19 in FwCfg Cache
InternalQemuFwCfgCacheReadBytes: found Item 0x19 in FwCfg Cache
InternalQemuFwCfgCacheReadBytes: found Item 0x19 in FwCfg Cache
InternalQemuFwCfgCacheReadBytes: found Item 0x19 in FwCfg Cache
InternalQemuFwCfgCacheReadBytes: found Item 0x19 in FwCfg Cache
InternalQemuFwCfgCacheReadBytes: found Item 0x19 in FwCfg Cache
InternalQemuFwCfgCacheReadBytes: found Item 0x19 in FwCfg Cache
InternalQemuFwCfgCacheReadBytes: found Item 0x19 in FwCfg Cache
InternalQemuFwCfgCacheReadBytes: found Item 0x19 in FwCfg Cache
InternalQemuFwCfgCacheReadBytes: found Item 0x19 in FwCfg Cache
InternalQemuFwCfgCacheReadBytes: found Item 0x19 in FwCfg Cache
InternalQemuFwCfgCacheReadBytes: found Item 0x19 in FwCfg Cache
InternalQemuFwCfgCacheReadBytes: found Item 0x19 in FwCfg Cache
InternalQemuFwCfgCacheReadBytes: found Item 0x19 in FwCfg Cache
InternalQemuFwCfgCacheReadBytes: found Item 0x19 in FwCfg Cache
InternalQemuFwCfgCacheReadBytes: found Item 0x19 in FwCfg Cache
InternalQemuFwCfgCacheReadBytes: found Item 0x19 in FwCfg Cache
InternalQemuFwCfgCacheReadBytes: found Item 0x19 in FwCfg Cache
InternalQemuFwCfgCacheReadBytes: found Item 0x19 in FwCfg Cache
InternalQemuFwCfgCacheReadBytes: found Item 0x19 in FwCfg Cache
Select Item: 0x25
InternalQemuFwCfgCacheReadBytes: found Item 0x25 in FwCfg Cache
InternalQemuFwCfgCacheReadBytes: found Item 0x25 in FwCfg Cache
Select Item: 0x19
InternalQemuFwCfgCacheReadBytes: found Item 0x19 in FwCfg Cache
InternalQemuFwCfgCacheReadBytes: found Item 0x19 in FwCfg Cache
InternalQemuFwCfgCacheReadBytes: found Item 0x19 in FwCfg Cache
InternalQemuFwCfgCacheReadBytes: found Item 0x19 in FwCfg Cache
InternalQemuFwCfgCacheReadBytes: found Item 0x19 in FwCfg Cache
InternalQemuFwCfgCacheReadBytes: found Item 0x19 in FwCfg Cache
InternalQemuFwCfgCacheReadBytes: found Item 0x19 in FwCfg Cache
InternalQemuFwCfgCacheReadBytes: found Item 0x19 in FwCfg Cache
InternalQemuFwCfgCacheReadBytes: found Item 0x19 in FwCfg Cache
InternalQemuFwCfgCacheReadBytes: found Item 0x19 in FwCfg Cache
InternalQemuFwCfgCacheReadBytes: found Item 0x19 in FwCfg Cache
InternalQemuFwCfgCacheReadBytes: found Item 0x19 in FwCfg Cache
InternalQemuFwCfgCacheReadBytes: found Item 0x19 in FwCfg Cache
InternalQemuFwCfgCacheReadBytes: found Item 0x19 in FwCfg Cache
InternalQemuFwCfgCacheReadBytes: found Item 0x19 in FwCfg Cache
InternalQemuFwCfgCacheReadBytes: found Item 0x19 in FwCfg Cache
InternalQemuFwCfgCacheReadBytes: found Item 0x19 in FwCfg Cache
InternalQemuFwCfgCacheReadBytes: found Item 0x19 in FwCfg Cache
InternalQemuFwCfgCacheReadBytes: found Item 0x19 in FwCfg Cache
InternalQemuFwCfgCacheReadBytes: found Item 0x19 in FwCfg Cache
InternalQemuFwCfgCacheReadBytes: found Item 0x19 in FwCfg Cache
InternalQemuFwCfgCacheReadBytes: found Item 0x19 in FwCfg Cache
InternalQemuFwCfgCacheReadBytes: found Item 0x19 in FwCfg Cache
InternalQemuFwCfgCacheReadBytes: found Item 0x19 in FwCfg Cache
InternalQemuFwCfgCacheReadBytes: found Item 0x19 in FwCfg Cache
Select Item: 0x25
InternalQemuFwCfgCacheReadBytes: found Item 0x25 in FwCfg Cache
PlatformAddHobCB: Reserved [0xFD00000000, 0x10000000000)
InternalQemuFwCfgCacheReadBytes: found Item 0x25 in FwCfg Cache
Platform PEI Firmware Volume Initialization
Install PPI: 49EDB1C1-BF21-4761-BB12-EB0031AABB39
Notify: PPI Guid: 49EDB1C1-BF21-4761-BB12-EB0031AABB39, Peim notify entry point: 83747C
The 1th FV[7CB8BDC9-F8EB-4F34-AAEA-3EE4AF6516A1] start address is 0x00000900000, size is 0x00E80000, handle is 0x900000
Select Item: 0x19
InternalQemuFwCfgCacheReadBytes: found Item 0x19 in FwCfg Cache
InternalQemuFwCfgCacheReadBytes: found Item 0x19 in FwCfg Cache
InternalQemuFwCfgCacheReadBytes: found Item 0x19 in FwCfg Cache
InternalQemuFwCfgCacheReadBytes: found Item 0x19 in FwCfg Cache
InternalQemuFwCfgCacheReadBytes: found Item 0x19 in FwCfg Cache
InternalQemuFwCfgCacheReadBytes: found Item 0x19 in FwCfg Cache
InternalQemuFwCfgCacheReadBytes: found Item 0x19 in FwCfg Cache
InternalQemuFwCfgCacheReadBytes: found Item 0x19 in FwCfg Cache
InternalQemuFwCfgCacheReadBytes: found Item 0x19 in FwCfg Cache
InternalQemuFwCfgCacheReadBytes: found Item 0x19 in FwCfg Cache
InternalQemuFwCfgCacheReadBytes: found Item 0x19 in FwCfg Cache
InternalQemuFwCfgCacheReadBytes: found Item 0x19 in FwCfg Cache
InternalQemuFwCfgCacheReadBytes: found Item 0x19 in FwCfg Cache
InternalQemuFwCfgCacheReadBytes: found Item 0x19 in FwCfg Cache
InternalQemuFwCfgCacheReadBytes: found Item 0x19 in FwCfg Cache
InternalQemuFwCfgCacheReadBytes: found Item 0x19 in FwCfg Cache
InternalQemuFwCfgCacheReadBytes: found Item 0x19 in FwCfg Cache
InternalQemuFwCfgCacheReadBytes: found Item 0x19 in FwCfg Cache
InternalQemuFwCfgCacheReadBytes: found Item 0x19 in FwCfg Cache
InternalQemuFwCfgCacheReadBytes: found Item 0x19 in FwCfg Cache
InternalQemuFwCfgCacheReadBytes: found Item 0x19 in FwCfg Cache
InternalQemuFwCfgCacheReadBytes: found Item 0x19 in FwCfg Cache
InternalQemuFwCfgCacheReadBytes: found Item 0x19 in FwCfg Cache
InternalQemuFwCfgCacheReadBytes: found Item 0x19 in FwCfg Cache
InternalQemuFwCfgCacheReadBytes: found Item 0x19 in FwCfg Cache
Select Item: 0x25
InternalQemuFwCfgCacheReadBytes: found Item 0x25 in FwCfg Cache
InternalQemuFwCfgCacheReadBytes: found Item 0x25 in FwCfg Cache
PlatformIgvmDataHobs: hob: ptr=813000 type=0x0 length=0
Select Item: 0x19
InternalQemuFwCfgCacheReadBytes: found Item 0x19 in FwCfg Cache
InternalQemuFwCfgCacheReadBytes: found Item 0x19 in FwCfg Cache
InternalQemuFwCfgCacheReadBytes: found Item 0x19 in FwCfg Cache
InternalQemuFwCfgCacheReadBytes: found Item 0x19 in FwCfg Cache
InternalQemuFwCfgCacheReadBytes: found Item 0x19 in FwCfg Cache
InternalQemuFwCfgCacheReadBytes: found Item 0x19 in FwCfg Cache
InternalQemuFwCfgCacheReadBytes: found Item 0x19 in FwCfg Cache
InternalQemuFwCfgCacheReadBytes: found Item 0x19 in FwCfg Cache
InternalQemuFwCfgCacheReadBytes: found Item 0x19 in FwCfg Cache
InternalQemuFwCfgCacheReadBytes: found Item 0x19 in FwCfg Cache
InternalQemuFwCfgCacheReadBytes: found Item 0x19 in FwCfg Cache
InternalQemuFwCfgCacheReadBytes: found Item 0x19 in FwCfg Cache
InternalQemuFwCfgCacheReadBytes: found Item 0x19 in FwCfg Cache
InternalQemuFwCfgCacheReadBytes: found Item 0x19 in FwCfg Cache
InternalQemuFwCfgCacheReadBytes: found Item 0x19 in FwCfg Cache
InternalQemuFwCfgCacheReadBytes: found Item 0x19 in FwCfg Cache
InternalQemuFwCfgCacheReadBytes: found Item 0x19 in FwCfg Cache
InternalQemuFwCfgCacheReadBytes: found Item 0x19 in FwCfg Cache
InternalQemuFwCfgCacheReadBytes: found Item 0x19 in FwCfg Cache
InternalQemuFwCfgCacheReadBytes: found Item 0x19 in FwCfg Cache
InternalQemuFwCfgCacheReadBytes: found Item 0x19 in FwCfg Cache
InternalQemuFwCfgCacheReadBytes: found Item 0x19 in FwCfg Cache
InternalQemuFwCfgCacheReadBytes: found Item 0x19 in FwCfg Cache
InternalQemuFwCfgCacheReadBytes: found Item 0x19 in FwCfg Cache
InternalQemuFwCfgCacheReadBytes: found Item 0x19 in FwCfg Cache
InternalQemuFwCfgCacheReadBytes: found Item 0x19 in FwCfg Cache
InternalQemuFwCfgCacheReadBytes: found Item 0x19 in FwCfg Cache
InternalQemuFwCfgCacheReadBytes: found Item 0x19 in FwCfg Cache
InternalQemuFwCfgCacheReadBytes: found Item 0x19 in FwCfg Cache
InternalQemuFwCfgCacheReadBytes: found Item 0x19 in FwCfg Cache
InternalQemuFwCfgCacheReadBytes: found Item 0x19 in FwCfg Cache
InternalQemuFwCfgCacheReadBytes: found Item 0x19 in FwCfg Cache
InternalQemuFwCfgCacheReadBytes: found Item 0x19 in FwCfg Cache
InternalQemuFwCfgCacheReadBytes: found Item 0x19 in FwCfg Cache
InternalQemuFwCfgCacheReadBytes: found Item 0x19 in FwCfg Cache
InternalQemuFwCfgCacheReadBytes: found Item 0x19 in FwCfg Cache
InternalQemuFwCfgCacheReadBytes: found Item 0x19 in FwCfg Cache
InternalQemuFwCfgCacheReadBytes: found Item 0x19 in FwCfg Cache
InternalQemuFwCfgCacheReadBytes: found Item 0x19 in FwCfg Cache
InternalQemuFwCfgCacheReadBytes: found Item 0x19 in FwCfg Cache
InternalQemuFwCfgCacheReadBytes: found Item 0x19 in FwCfg Cache
InternalQemuFwCfgCacheReadBytes: found Item 0x19 in FwCfg Cache
InternalQemuFwCfgCacheReadBytes: found Item 0x19 in FwCfg Cache
InternalQemuFwCfgCacheReadBytes: found Item 0x19 in FwCfg Cache
InternalQemuFwCfgCacheReadBytes: found Item 0x19 in FwCfg Cache
InternalQemuFwCfgCacheReadBytes: found Item 0x19 in FwCfg Cache
InternalQemuFwCfgCacheReadBytes: found Item 0x19 in FwCfg Cache
InternalQemuFwCfgCacheReadBytes: found Item 0x19 in FwCfg Cache
InternalQemuFwCfgCacheReadBytes: found Item 0x19 in FwCfg Cache
InternalQemuFwCfgCacheReadBytes: found Item 0x19 in FwCfg Cache
InternalQemuFwCfgCacheReadBytes: found Item 0x19 in FwCfg Cache
InternalQemuFwCfgCacheReadBytes: found Item 0x19 in FwCfg Cache
InternalQemuFwCfgCacheReadBytes: found Item 0x19 in FwCfg Cache
InternalQemuFwCfgCacheReadBytes: found Item 0x19 in FwCfg Cache
InternalQemuFwCfgCacheReadBytes: found Item 0x19 in FwCfg Cache
InternalQemuFwCfgCacheReadBytes: found Item 0x19 in FwCfg Cache
InternalQemuFwCfgCacheReadBytes: found Item 0x19 in FwCfg Cache
InternalQemuFwCfgCacheReadBytes: found Item 0x19 in FwCfg Cache
InternalQemuFwCfgCacheReadBytes: found Item 0x19 in FwCfg Cache
InternalQemuFwCfgCacheReadBytes: found Item 0x19 in FwCfg Cache
InternalQemuFwCfgCacheReadBytes: found Item 0x19 in FwCfg Cache
Select Item: 0x19
InternalQemuFwCfgCacheReadBytes: found Item 0x19 in FwCfg Cache
InternalQemuFwCfgCacheReadBytes: found Item 0x19 in FwCfg Cache
InternalQemuFwCfgCacheReadBytes: found Item 0x19 in FwCfg Cache
InternalQemuFwCfgCacheReadBytes: found Item 0x19 in FwCfg Cache
InternalQemuFwCfgCacheReadBytes: found Item 0x19 in FwCfg Cache
InternalQemuFwCfgCacheReadBytes: found Item 0x19 in FwCfg Cache
InternalQemuFwCfgCacheReadBytes: found Item 0x19 in FwCfg Cache
InternalQemuFwCfgCacheReadBytes: found Item 0x19 in FwCfg Cache
InternalQemuFwCfgCacheReadBytes: found Item 0x19 in FwCfg Cache
InternalQemuFwCfgCacheReadBytes: found Item 0x19 in FwCfg Cache
InternalQemuFwCfgCacheReadBytes: found Item 0x19 in FwCfg Cache
InternalQemuFwCfgCacheReadBytes: found Item 0x19 in FwCfg Cache
InternalQemuFwCfgCacheReadBytes: found Item 0x19 in FwCfg Cache
InternalQemuFwCfgCacheReadBytes: found Item 0x19 in FwCfg Cache
InternalQemuFwCfgCacheReadBytes: found Item 0x19 in FwCfg Cache
InternalQemuFwCfgCacheReadBytes: found Item 0x19 in FwCfg Cache
InternalQemuFwCfgCacheReadBytes: found Item 0x19 in FwCfg Cache
InternalQemuFwCfgCacheReadBytes: found Item 0x19 in FwCfg Cache
InternalQemuFwCfgCacheReadBytes: found Item 0x19 in FwCfg Cache
InternalQemuFwCfgCacheReadBytes: found Item 0x19 in FwCfg Cache
InternalQemuFwCfgCacheReadBytes: found Item 0x19 in FwCfg Cache
InternalQemuFwCfgCacheReadBytes: found Item 0x19 in FwCfg Cache
InternalQemuFwCfgCacheReadBytes: found Item 0x19 in FwCfg Cache
InternalQemuFwCfgCacheReadBytes: found Item 0x19 in FwCfg Cache
InternalQemuFwCfgCacheReadBytes: found Item 0x19 in FwCfg Cache
InternalQemuFwCfgCacheReadBytes: found Item 0x19 in FwCfg Cache
InternalQemuFwCfgCacheReadBytes: found Item 0x19 in FwCfg Cache
InternalQemuFwCfgCacheReadBytes: found Item 0x19 in FwCfg Cache
InternalQemuFwCfgCacheReadBytes: found Item 0x19 in FwCfg Cache
InternalQemuFwCfgCacheReadBytes: found Item 0x19 in FwCfg Cache
InternalQemuFwCfgCacheReadBytes: found Item 0x19 in FwCfg Cache
InternalQemuFwCfgCacheReadBytes: found Item 0x19 in FwCfg Cache
InternalQemuFwCfgCacheReadBytes: found Item 0x19 in FwCfg Cache
InternalQemuFwCfgCacheReadBytes: found Item 0x19 in FwCfg Cache
InternalQemuFwCfgCacheReadBytes: found Item 0x19 in FwCfg Cache
InternalQemuFwCfgCacheReadBytes: found Item 0x19 in FwCfg Cache
InternalQemuFwCfgCacheReadBytes: found Item 0x19 in FwCfg Cache
InternalQemuFwCfgCacheReadBytes: found Item 0x19 in FwCfg Cache
InternalQemuFwCfgCacheReadBytes: found Item 0x19 in FwCfg Cache
InternalQemuFwCfgCacheReadBytes: found Item 0x19 in FwCfg Cache
InternalQemuFwCfgCacheReadBytes: found Item 0x19 in FwCfg Cache
InternalQemuFwCfgCacheReadBytes: found Item 0x19 in FwCfg Cache
InternalQemuFwCfgCacheReadBytes: found Item 0x19 in FwCfg Cache
InternalQemuFwCfgCacheReadBytes: found Item 0x19 in FwCfg Cache
InternalQemuFwCfgCacheReadBytes: found Item 0x19 in FwCfg Cache
InternalQemuFwCfgCacheReadBytes: found Item 0x19 in FwCfg Cache
InternalQemuFwCfgCacheReadBytes: found Item 0x19 in FwCfg Cache
InternalQemuFwCfgCacheReadBytes: found Item 0x19 in FwCfg Cache
InternalQemuFwCfgCacheReadBytes: found Item 0x19 in FwCfg Cache
InternalQemuFwCfgCacheReadBytes: found Item 0x19 in FwCfg Cache
InternalQemuFwCfgCacheReadBytes: found Item 0x19 in FwCfg Cache
InternalQemuFwCfgCacheReadBytes: found Item 0x19 in FwCfg Cache
InternalQemuFwCfgCacheReadBytes: found Item 0x19 in FwCfg Cache
InternalQemuFwCfgCacheReadBytes: found Item 0x19 in FwCfg Cache
InternalQemuFwCfgCacheReadBytes: found Item 0x19 in FwCfg Cache
InternalQemuFwCfgCacheReadBytes: found Item 0x19 in FwCfg Cache
InternalQemuFwCfgCacheReadBytes: found Item 0x19 in FwCfg Cache
InternalQemuFwCfgCacheReadBytes: found Item 0x19 in FwCfg Cache
InternalQemuFwCfgCacheReadBytes: found Item 0x19 in FwCfg Cache
InternalQemuFwCfgCacheReadBytes: found Item 0x19 in FwCfg Cache
InternalQemuFwCfgCacheReadBytes: found Item 0x19 in FwCfg Cache
Register PPI Notify: EE16160A-E8BE-47A6-820A-C6900DB0250A
Select Item: 0x19
InternalQemuFwCfgCacheReadBytes: found Item 0x19 in FwCfg Cache
InternalQemuFwCfgCacheReadBytes: found Item 0x19 in FwCfg Cache
InternalQemuFwCfgCacheReadBytes: found Item 0x19 in FwCfg Cache
InternalQemuFwCfgCacheReadBytes: found Item 0x19 in FwCfg Cache
InternalQemuFwCfgCacheReadBytes: found Item 0x19 in FwCfg Cache
InternalQemuFwCfgCacheReadBytes: found Item 0x19 in FwCfg Cache
InternalQemuFwCfgCacheReadBytes: found Item 0x19 in FwCfg Cache
InternalQemuFwCfgCacheReadBytes: found Item 0x19 in FwCfg Cache
InternalQemuFwCfgCacheReadBytes: found Item 0x19 in FwCfg Cache
InternalQemuFwCfgCacheReadBytes: found Item 0x19 in FwCfg Cache
InternalQemuFwCfgCacheReadBytes: found Item 0x19 in FwCfg Cache
InternalQemuFwCfgCacheReadBytes: found Item 0x19 in FwCfg Cache
InternalQemuFwCfgCacheReadBytes: found Item 0x19 in FwCfg Cache
InternalQemuFwCfgCacheReadBytes: found Item 0x19 in FwCfg Cache
InternalQemuFwCfgCacheReadBytes: found Item 0x19 in FwCfg Cache
InternalQemuFwCfgCacheReadBytes: found Item 0x19 in FwCfg Cache
InternalQemuFwCfgCacheReadBytes: found Item 0x19 in FwCfg Cache
InternalQemuFwCfgCacheReadBytes: found Item 0x19 in FwCfg Cache
InternalQemuFwCfgCacheReadBytes: found Item 0x19 in FwCfg Cache
InternalQemuFwCfgCacheReadBytes: found Item 0x19 in FwCfg Cache
InternalQemuFwCfgCacheReadBytes: found Item 0x19 in FwCfg Cache
InternalQemuFwCfgCacheReadBytes: found Item 0x19 in FwCfg Cache
InternalQemuFwCfgCacheReadBytes: found Item 0x19 in FwCfg Cache
InternalQemuFwCfgCacheReadBytes: found Item 0x19 in FwCfg Cache
InternalQemuFwCfgCacheReadBytes: found Item 0x19 in FwCfg Cache
InternalQemuFwCfgCacheReadBytes: found Item 0x19 in FwCfg Cache
InternalQemuFwCfgCacheReadBytes: found Item 0x19 in FwCfg Cache
InternalQemuFwCfgCacheReadBytes: found Item 0x19 in FwCfg Cache
InternalQemuFwCfgCacheReadBytes: found Item 0x19 in FwCfg Cache
InternalQemuFwCfgCacheReadBytes: found Item 0x19 in FwCfg Cache
InternalQemuFwCfgCacheReadBytes: found Item 0x19 in FwCfg Cache
InternalQemuFwCfgCacheReadBytes: found Item 0x19 in FwCfg Cache
InternalQemuFwCfgCacheReadBytes: found Item 0x19 in FwCfg Cache
InternalQemuFwCfgCacheReadBytes: found Item 0x19 in FwCfg Cache
InternalQemuFwCfgCacheReadBytes: found Item 0x19 in FwCfg Cache
InternalQemuFwCfgCacheReadBytes: found Item 0x19 in FwCfg Cache
InternalQemuFwCfgCacheReadBytes: found Item 0x19 in FwCfg Cache
InternalQemuFwCfgCacheReadBytes: found Item 0x19 in FwCfg Cache
InternalQemuFwCfgCacheReadBytes: found Item 0x19 in FwCfg Cache
InternalQemuFwCfgCacheReadBytes: found Item 0x19 in FwCfg Cache
InternalQemuFwCfgCacheReadBytes: found Item 0x19 in FwCfg Cache
InternalQemuFwCfgCacheReadBytes: found Item 0x19 in FwCfg Cache
InternalQemuFwCfgCacheReadBytes: found Item 0x19 in FwCfg Cache
InternalQemuFwCfgCacheReadBytes: found Item 0x19 in FwCfg Cache
InternalQemuFwCfgCacheReadBytes: found Item 0x19 in FwCfg Cache
InternalQemuFwCfgCacheReadBytes: found Item 0x19 in FwCfg Cache
InternalQemuFwCfgCacheReadBytes: found Item 0x19 in FwCfg Cache
InternalQemuFwCfgCacheReadBytes: found Item 0x19 in FwCfg Cache
InternalQemuFwCfgCacheReadBytes: found Item 0x19 in FwCfg Cache
InternalQemuFwCfgCacheReadBytes: found Item 0x19 in FwCfg Cache
InternalQemuFwCfgCacheReadBytes: found Item 0x19 in FwCfg Cache
InternalQemuFwCfgCacheReadBytes: found Item 0x19 in FwCfg Cache
InternalQemuFwCfgCacheReadBytes: found Item 0x19 in FwCfg Cache
InternalQemuFwCfgCacheReadBytes: found Item 0x19 in FwCfg Cache
InternalQemuFwCfgCacheReadBytes: found Item 0x19 in FwCfg Cache
InternalQemuFwCfgCacheReadBytes: found Item 0x19 in FwCfg Cache
InternalQemuFwCfgCacheReadBytes: found Item 0x19 in FwCfg Cache
InternalQemuFwCfgCacheReadBytes: found Item 0x19 in FwCfg Cache
InternalQemuFwCfgCacheReadBytes: found Item 0x19 in FwCfg Cache
InternalQemuFwCfgCacheReadBytes: found Item 0x19 in FwCfg Cache
InternalQemuFwCfgCacheReadBytes: found Item 0x19 in FwCfg Cache
Select Item: 0x19
InternalQemuFwCfgCacheReadBytes: found Item 0x19 in FwCfg Cache
InternalQemuFwCfgCacheReadBytes: found Item 0x19 in FwCfg Cache
InternalQemuFwCfgCacheReadBytes: found Item 0x19 in FwCfg Cache
InternalQemuFwCfgCacheReadBytes: found Item 0x19 in FwCfg Cache
InternalQemuFwCfgCacheReadBytes: found Item 0x19 in FwCfg Cache
InternalQemuFwCfgCacheReadBytes: found Item 0x19 in FwCfg Cache
InternalQemuFwCfgCacheReadBytes: found Item 0x19 in FwCfg Cache
InternalQemuFwCfgCacheReadBytes: found Item 0x19 in FwCfg Cache
InternalQemuFwCfgCacheReadBytes: found Item 0x19 in FwCfg Cache
InternalQemuFwCfgCacheReadBytes: found Item 0x19 in FwCfg Cache
InternalQemuFwCfgCacheReadBytes: found Item 0x19 in FwCfg Cache
InternalQemuFwCfgCacheReadBytes: found Item 0x19 in FwCfg Cache
InternalQemuFwCfgCacheReadBytes: found Item 0x19 in FwCfg Cache
InternalQemuFwCfgCacheReadBytes: found Item 0x19 in FwCfg Cache
InternalQemuFwCfgCacheReadBytes: found Item 0x19 in FwCfg Cache
InternalQemuFwCfgCacheReadBytes: found Item 0x19 in FwCfg Cache
InternalQemuFwCfgCacheReadBytes: found Item 0x19 in FwCfg Cache
InternalQemuFwCfgCacheReadBytes: found Item 0x19 in FwCfg Cache
InternalQemuFwCfgCacheReadBytes: found Item 0x19 in FwCfg Cache
InternalQemuFwCfgCacheReadBytes: found Item 0x19 in FwCfg Cache
InternalQemuFwCfgCacheReadBytes: found Item 0x19 in FwCfg Cache
InternalQemuFwCfgCacheReadBytes: found Item 0x19 in FwCfg Cache
InternalQemuFwCfgCacheReadBytes: found Item 0x19 in FwCfg Cache
InternalQemuFwCfgCacheReadBytes: found Item 0x19 in FwCfg Cache
InternalQemuFwCfgCacheReadBytes: found Item 0x19 in FwCfg Cache
InternalQemuFwCfgCacheReadBytes: found Item 0x19 in FwCfg Cache
InternalQemuFwCfgCacheReadBytes: found Item 0x19 in FwCfg Cache
InternalQemuFwCfgCacheReadBytes: found Item 0x19 in FwCfg Cache
InternalQemuFwCfgCacheReadBytes: found Item 0x19 in FwCfg Cache
InternalQemuFwCfgCacheReadBytes: found Item 0x19 in FwCfg Cache
InternalQemuFwCfgCacheReadBytes: found Item 0x19 in FwCfg Cache
InternalQemuFwCfgCacheReadBytes: found Item 0x19 in FwCfg Cache
InternalQemuFwCfgCacheReadBytes: found Item 0x19 in FwCfg Cache
InternalQemuFwCfgCacheReadBytes: found Item 0x19 in FwCfg Cache
InternalQemuFwCfgCacheReadBytes: found Item 0x19 in FwCfg Cache
InternalQemuFwCfgCacheReadBytes: found Item 0x19 in FwCfg Cache
InternalQemuFwCfgCacheReadBytes: found Item 0x19 in FwCfg Cache
InternalQemuFwCfgCacheReadBytes: found Item 0x19 in FwCfg Cache
InternalQemuFwCfgCacheReadBytes: found Item 0x19 in FwCfg Cache
InternalQemuFwCfgCacheReadBytes: found Item 0x19 in FwCfg Cache
InternalQemuFwCfgCacheReadBytes: found Item 0x19 in FwCfg Cache
InternalQemuFwCfgCacheReadBytes: found Item 0x19 in FwCfg Cache
InternalQemuFwCfgCacheReadBytes: found Item 0x19 in FwCfg Cache
InternalQemuFwCfgCacheReadBytes: found Item 0x19 in FwCfg Cache
InternalQemuFwCfgCacheReadBytes: found Item 0x19 in FwCfg Cache
InternalQemuFwCfgCacheReadBytes: found Item 0x19 in FwCfg Cache
InternalQemuFwCfgCacheReadBytes: found Item 0x19 in FwCfg Cache
InternalQemuFwCfgCacheReadBytes: found Item 0x19 in FwCfg Cache
InternalQemuFwCfgCacheReadBytes: found Item 0x19 in FwCfg Cache
InternalQemuFwCfgCacheReadBytes: found Item 0x19 in FwCfg Cache
InternalQemuFwCfgCacheReadBytes: found Item 0x19 in FwCfg Cache
InternalQemuFwCfgCacheReadBytes: found Item 0x19 in FwCfg Cache
InternalQemuFwCfgCacheReadBytes: found Item 0x19 in FwCfg Cache
InternalQemuFwCfgCacheReadBytes: found Item 0x19 in FwCfg Cache
InternalQemuFwCfgCacheReadBytes: found Item 0x19 in FwCfg Cache
InternalQemuFwCfgCacheReadBytes: found Item 0x19 in FwCfg Cache
InternalQemuFwCfgCacheReadBytes: found Item 0x19 in FwCfg Cache
InternalQemuFwCfgCacheReadBytes: found Item 0x19 in FwCfg Cache
InternalQemuFwCfgCacheReadBytes: found Item 0x19 in FwCfg Cache
InternalQemuFwCfgCacheReadBytes: found Item 0x19 in FwCfg Cache
InternalQemuFwCfgCacheReadBytes: found Item 0x19 in FwCfg Cache
Reserved variable store memory: 0xFF58000; size: 128kb
Temp Stack : BaseAddress=0x81A000 Length=0x6000
Temp Heap  : BaseAddress=0x814000 Length=0x6000
Total temporary memory:    49152 bytes.
  temporary memory stack ever used:       24576 bytes.
  temporary memory heap used for HobList: 9008 bytes.
  temporary memory heap occupied by memory pages: 0 bytes.
Memory Allocation 0x0000000A 0xFF78000 - 0xFFFFFFF
Memory Allocation 0x0000000A 0x814000 - 0x81FFFF
Memory Allocation 0x0000000A 0x807000 - 0x807FFF
Memory Allocation 0x0000000A 0x800000 - 0x805FFF
Memory Allocation 0x0000000A 0x806000 - 0x806FFF
Memory Allocation 0x0000000A 0x80B000 - 0x80BFFF
Memory Allocation 0x0000000A 0x820000 - 0x82FFFF
Memory Allocation 0x0000000A 0x830000 - 0x8FFFFF
Memory Allocation 0x00000004 0x900000 - 0x177FFFF
Memory Allocation 0x00000000 0xE0000000 - 0xEFFFFFFF
Memory Allocation 0x00000006 0xFF58000 - 0xFF77FFF
Old Stack size 24576, New stack size 131072
Stack Hob: BaseAddress=0xBB6C000 Length=0x20000
Heap Offset = 0xB378000 Stack Offset = 0xB36C000
TemporaryRamMigration(0x814000, 0xBB86000, 0xC000)
Loading PEIM 52C05B14-0B98-496C-BC3B-04B50211D680
Loading PEIM at 0x0000FF4B000 EntryPoint=0x0000FF538F7 PeiCore.efi
Reinstall PPI: 8C8CE578-8A3D-4F1C-9935-896185C32DD3
Reinstall PPI: 5473C07A-3DCB-4DCA-BD6F-1E9689E7349A
Reinstall PPI: B9E0ABFE-5979-4914-977F-6DEE78C278A6
Install PPI: F894643D-C449-42D1-8EA8-85BDD8C65BDE
Loading PEIM 9B3ADA4F-AE56-4C24-8DEA-F03B7558AE50
Loading PEIM at 0x0000FF46000 EntryPoint=0x0000FF49095 PcdPeim.efi
Reinstall PPI: 06E81C58-4AD7-44BC-8390-F10265F72480
Reinstall PPI: 4D8B155B-C059-4C8F-8926-06FD4331DB8A
Reinstall PPI: 01F34D25-4DE2-23AD-3FF3-36353FF323F1
Reinstall PPI: A60C6B59-E459-425D-9C69-0BCC9CB27D81
Loading PEIM 86D70125-BAA3-4296-A62F-602BEBBB9081
Loading PEIM at 0x0000FF41000 EntryPoint=0x0000FF44158 DxeIpl.efi
Install PPI: 1A36E4E7-FAB6-476A-8E75-695A0576FDD7
Install PPI: 0AE8CE5D-E448-4437-A8D7-EBF5F194F731
Loading PEIM 89E549B0-7CFE-449D-9BA3-10D8B2312D71
Loading PEIM at 0x0000FF3C000 EntryPoint=0x0000FF3E8F7 S3Resume2Pei.efi
Install PPI: 6D582DBC-DB85-4514-8FCC-5ADF6227B147
Loading PEIM EDADEB9D-DDBA-48BD-9D22-C1C169C8C5C6
Loading PEIM at 0x0000FF2A000 EntryPoint=0x0000FF303FD CpuMpPei.efi
Register PPI Notify: F894643D-C449-42D1-8EA8-85BDD8C65BDE
Notify: PPI Guid: F894643D-C449-42D1-8EA8-85BDD8C65BDE, Peim notify entry point: FF32AE1
AP Loop Mode is 1
AP Vector: non-16-bit = FF18000/48D
GetMicrocodePatchInfoFromHob: Microcode patch cache HOB is not found.
CPU[0000]: Microcode revision = 00000000, expected = 00000000
Register PPI Notify: 96F5296D-05F7-4F3C-8467-E456890E0CB5
WakeupBufferStart = 9F000, WakeupBufferSize = 1000
AP Vector: 16-bit = 9F000/39, ExchangeInfo = 9F040/A5
CpuMpPei: 5-Level Paging = 0
Buffer[cpu0] for InitializeExceptionStackSwitchHandlers: 0xFF14000 with size 0x10C8
CpuMpPei: 5-Level Paging = 0
Does not find any stored CPU BIST information from PPI!
  APICID - 0x00000000, BIST - 0x00000000
Install PPI: 9E9F374B-8F16-4230-9824-5846EE766A97
Install PPI: 5CB9CB3D-31A4-480C-9498-29D269BACFBA
Install PPI: EE16160A-E8BE-47A6-820A-C6900DB0250A
Notify: PPI Guid: EE16160A-E8BE-47A6-820A-C6900DB0250A, Peim notify entry point: 8496A3
PlatformPei: ClearCacheOnMpServicesAvailable
Creating MpInformation2 HOB...
  Processor[0000]: ProcessorId = 0x0, StatusFlag = 0x7, CoreType = 0x0
    Location = Package:0 Core:0 Thread:0
    Location2 = Package:0 Die:0 Tile:0 Module:0 Core:0 Thread:0
Creating MpInformation2 HOB...
DiscoverPeimsAndOrderWithApriori(): Found 0x0 PEI FFS files in the 1th FV
DXE IPL Entry
Loading PEIM D6A2CB7F-6A18-4E2F-B43B-9920A733700A
Loading PEIM at 0x0000FEE4000 EntryPoint=0x0000FEFB92C DxeCore.efi
Loading DXE CORE at 0x0000FEE4000 EntryPoint=0x0000FEFB92C
AddressBits=40 LevelOfPaging=4 1GPage=0
Pml5=1 Pml4=2 Pdp=512 TotalPage=1027
Install PPI: 605EA650-C65C-42E1-BA80-91A52AB618C6
Notify: PPI Guid: 605EA650-C65C-42E1-BA80-91A52AB618C6, Peim notify entry point: 8327E2
PeiDelayedDispatchOnEndOfPei Count of dispatch cycles is 0
Notify: PPI Guid: 605EA650-C65C-42E1-BA80-91A52AB618C6, Peim notify entry point: 83E89A
CoreInitializeMemoryServices:
  BaseAddress - 0xBB90000 Length - 0x3C70000 MinimalMemorySizeNeeded - 0x322000
InstallProtocolInterface: 5B1B31A1-9562-11D2-8E3F-00A0C969723B FF08128
ProtectUefiImageCommon - 0xFF08128
  - 0x000000000FEE4000 - 0x0000000000030000
DxeMain: MemoryBaseAddress=0xBB90000 MemoryLength=0x3C70000
HOBLIST address in DXE = 0xF4E7018
Memory Allocation 0x0000000A 0xFF78000 - 0xFFFFFFF
Memory Allocation 0x0000000A 0x814000 - 0x81FFFF
Memory Allocation 0x0000000A 0x807000 - 0x807FFF
Memory Allocation 0x0000000A 0x800000 - 0x805FFF
Memory Allocation 0x0000000A 0x806000 - 0x806FFF
Memory Allocation 0x0000000A 0x80B000 - 0x80BFFF
Memory Allocation 0x0000000A 0x820000 - 0x82FFFF
Memory Allocation 0x0000000A 0x830000 - 0x8FFFFF
Memory Allocation 0x00000004 0x900000 - 0x177FFFF
Memory Allocation 0x00000000 0xE0000000 - 0xEFFFFFFF
Memory Allocation 0x00000006 0xFF58000 - 0xFF77FFF
Memory Allocation 0x00000004 0xFEC4000 - 0xFEE3FFF
Memory Allocation 0x00000003 0xFF4B000 - 0xFF57FFF
Memory Allocation 0x00000003 0xFF46000 - 0xFF4AFFF
Memory Allocation 0x00000003 0xFF41000 - 0xFF45FFF
Memory Allocation 0x00000003 0xFF3C000 - 0xFF40FFF
Memory Allocation 0x00000003 0xFF2A000 - 0xFF3BFFF
Memory Allocation 0x00000004 0xFF19000 - 0xFF29FFF
Memory Allocation 0x00000003 0xFF18000 - 0xFF18FFF
Memory Allocation 0x00000004 0xFF17000 - 0xFF17FFF
Memory Allocation 0x00000007 0xFF16000 - 0xFF16FFF
Memory Allocation 0x00000004 0xFF14000 - 0xFF15FFF
Memory Allocation 0x00000003 0xFEE4000 - 0xFF13FFF
Memory Allocation 0x00000003 0xFEE4000 - 0xFF13FFF
Memory Allocation 0x00000004 0xFEC4000 - 0xFEE3FFF
Memory Allocation 0x00000004 0xF800000 - 0xFDFFFFF
Memory Allocation 0x00000007 0xFE00000 - 0xFEC3FFF
Memory Allocation 0x00000004 0xBB6C000 - 0xBB8BFFF
FV Hob            0x900000 - 0x177FFFF
InstallProtocolInterface: D8117CFE-94A6-11D4-9A3A-0090273FC14D FF09400
InstallProtocolInterface: 8F644FA9-E850-4DB1-9CE2-0B44698E8DA4 F4E3230
InstallProtocolInterface: 09576E91-6D3F-11D2-8E39-00A0C969723B F4E3718
InstallProtocolInterface: 220E73B6-6BDB-4413-8405-B974B108619A F4E1F30
InstallProtocolInterface: EE4E5898-3914-4259-9D6E-DC7BD79403CF FF09318
Loading driver 9B680FCE-AD6B-4F3A-B60B-F59899003443
InstallProtocolInterface: 5B1B31A1-9562-11D2-8E3F-00A0C969723B F0FC040
Loading driver at 0x0000F0F0000 EntryPoint=0x0000F0F7CDA DevicePathDxe.efi
InstallProtocolInterface: BC62157E-3E33-4FEC-9920-2D3B36D750DF F0FCF18
ProtectUefiImageCommon - 0xF0FC040
  - 0x000000000F0F0000 - 0x000000000000B1C0
InstallProtocolInterface: 0379BE4E-D706-437D-B037-EDB82FB772A4 F0FA400
InstallProtocolInterface: 8B843E20-8132-4852-90CC-551A4E4A7F1C F0FA3E0
InstallProtocolInterface: 05C99A21-C70F-4AD2-8A5F-35DF3343F51E F0FA3C0
Loading driver 80CF7257-87AB-47F9-A3FE-D50B76D89541
InstallProtocolInterface: 5B1B31A1-9562-11D2-8E3F-00A0C969723B F0FC4C0
Loading driver at 0x0000F0FD000 EntryPoint=0x0000F10084F PcdDxe.efi
InstallProtocolInterface: BC62157E-3E33-4FEC-9920-2D3B36D750DF F0FC318
ProtectUefiImageCommon - 0xF0FC4C0
  - 0x000000000F0FD000 - 0x0000000000005880
InstallProtocolInterface: 11B34006-D85B-4D0A-A290-D5A571310EF7 F102460
InstallProtocolInterface: 13A3F0F6-264A-3EF0-F2E0-DEC512342F34 F1023C0
InstallProtocolInterface: 5BE40F57-FA68-4610-BBBF-E9C5FCDAD365 F102380
InstallProtocolInterface: FD0F4478-0EFD-461D-BA2D-E58C45FD5F5E F102360
Loading driver 2EC9DA37-EE35-4DE9-86C5-6D9A81DC38A7
InstallProtocolInterface: 5B1B31A1-9562-11D2-8E3F-00A0C969723B F107B40
Loading driver at 0x0000F0E6000 EntryPoint=0x0000F0E8B0D AmdSevDxe.efi
InstallProtocolInterface: BC62157E-3E33-4FEC-9920-2D3B36D750DF F108B98
ProtectUefiImageCommon - 0xF107B40
  - 0x000000000F0E6000 - 0x0000000000004840
Error: Image at 0000F0E6000 start failed: Unsupported
Loading driver E750224E-7BCE-40AF-B5BB-47E3611EB5C2
InstallProtocolInterface: 5B1B31A1-9562-11D2-8E3F-00A0C969723B F107B40
Loading driver at 0x0000F0E6000 EntryPoint=0x0000F0E8128 TdxDxe.efi
InstallProtocolInterface: BC62157E-3E33-4FEC-9920-2D3B36D750DF F108C18
ProtectUefiImageCommon - 0xF107B40
  - 0x000000000F0E6000 - 0x0000000000004E00
InstallProtocolInterface: BB00A5CA-08CE-462F-A537-43C74A825CA4 0
Loading driver 733CBAC2-B23F-4B92-BC8E-FB01CE5907B7
InstallProtocolInterface: 5B1B31A1-9562-11D2-8E3F-00A0C969723B F107140
InsertImageRecord - 0xF5ECF18
  Image - /builddir/build/BUILD/edk2-20251119-build/edk2-46548b1adac8/Build/OvmfX64/DEBUG_GCC/X64/OvmfPkg/QemuFlashFvbServicesRuntimeDxe/FvbServicesRuntimeDxe/DEBUG/FvbServicesRuntimeDxe.dll
Creating Image Properties Record: 0x000000000F6E5000 - 0x0000000000008000
 Image - /builddir/build/BUILD/edk2-20251119-build/edk2-46548b1adac8/Build/OvmfX64/DEBUG_GCC/X64/OvmfPkg/QemuFlashFvbServicesRuntimeDxe/FvbServicesRuntimeDxe/DEBUG/FvbServicesRuntimeDxe.dll
  Section - '.text   '
  VirtualSize          - 0x00005000
  VirtualAddress       - 0x00001000
  SizeOfRawData        - 0x00005000
  PointerToRawData     - 0x00001000
  PointerToRelocations - 0x00000000
  PointerToLinenumbers - 0x00000000
  NumberOfRelocations  - 0x00000000
  NumberOfLinenumbers  - 0x00000000
  Characteristics      - 0x60000020
  Section - '.data   '
  Section - '.reloc  '
ImageCode SegmentCount - 0x1
ImageCode SegmentCount - 0x1
Loading driver at 0x0000F6E5000 EntryPoint=0x0000F6E7FD6 FvbServicesRuntimeDxe.efi
InstallProtocolInterface: BC62157E-3E33-4FEC-9920-2D3B36D750DF F107618
ProtectUefiImageCommon - 0xF107140
  - 0x000000000F6E5000 - 0x0000000000008000
QEMU Flash: Attempting flash detection at FFE00010
QemuFlashDetected => FD behaves as FLASH, writable
QemuFlashDetected => Yes
Installing QEMU flash FVB
InstallProtocolInterface: 8F644FA9-E850-4DB1-9CE2-0B44698E8DA4 F5EC8B0
InstallProtocolInterface: 09576E91-6D3F-11D2-8E39-00A0C969723B F106F98
Loading driver D93CE3D8-A7EB-4730-8C8E-CC466A9ECC3C
InstallProtocolInterface: 5B1B31A1-9562-11D2-8E3F-00A0C969723B F106240
InsertImageRecord - 0xF5ECA18
  Image - /builddir/build/BUILD/edk2-20251119-build/edk2-46548b1adac8/Build/OvmfX64/DEBUG_GCC/X64/MdeModulePkg/Universal/ReportStatusCodeRouter/RuntimeDxe/ReportStatusCodeRouterRuntimeDxe/DEBUG/ReportStatusCodeRouterRuntimeDxe.dll
Creating Image Properties Record: 0x000000000F6DF000 - 0x0000000000006000
 Image - /builddir/build/BUILD/edk2-20251119-build/edk2-46548b1adac8/Build/OvmfX64/DEBUG_GCC/X64/MdeModulePkg/Universal/ReportStatusCodeRouter/RuntimeDxe/ReportStatusCodeRouterRuntimeDxe/DEBUG/ReportStatusCodeRouterRuntimeDxe.dll
  Section - '.text   '
  VirtualSize          - 0x00003000
  VirtualAddress       - 0x00001000
  SizeOfRawData        - 0x00003000
  PointerToRawData     - 0x00001000
  PointerToRelocations - 0x00000000
  PointerToLinenumbers - 0x00000000
  NumberOfRelocations  - 0x00000000
  NumberOfLinenumbers  - 0x00000000
  Characteristics      - 0x60000020
  Section - '.data   '
  Section - '.reloc  '
ImageCode SegmentCount - 0x1
ImageCode SegmentCount - 0x1
Loading driver at 0x0000F6DF000 EntryPoint=0x0000F6E1859 ReportStatusCodeRouterRuntimeDxe.efi
InstallProtocolInterface: BC62157E-3E33-4FEC-9920-2D3B36D750DF F106A98
ProtectUefiImageCommon - 0xF106240
  - 0x000000000F6DF000 - 0x0000000000006000
InstallProtocolInterface: 86212936-0E76-41C8-A03A-2AF2FC1C39E2 F6E3060
InstallProtocolInterface: D2B2B828-0826-48A7-B3DF-983C006024F0 F6E3040
Loading driver B601F8C4-43B7-4784-95B1-F4226CB40CEE
InstallProtocolInterface: 5B1B31A1-9562-11D2-8E3F-00A0C969723B F103BC0
InsertImageRecord - 0xF5EC818
  Image - /builddir/build/BUILD/edk2-20251119-build/edk2-46548b1adac8/Build/OvmfX64/DEBUG_GCC/X64/MdeModulePkg/Core/RuntimeDxe/RuntimeDxe/DEBUG/RuntimeDxe.dll
Creating Image Properties Record: 0x000000000F6D9000 - 0x0000000000006000
 Image - /builddir/build/BUILD/edk2-20251119-build/edk2-46548b1adac8/Build/OvmfX64/DEBUG_GCC/X64/MdeModulePkg/Core/RuntimeDxe/RuntimeDxe/DEBUG/RuntimeDxe.dll
  Section - '.text   '
  VirtualSize          - 0x00003000
  VirtualAddress       - 0x00001000
  SizeOfRawData        - 0x00003000
  PointerToRawData     - 0x00001000
  PointerToRelocations - 0x00000000
  PointerToLinenumbers - 0x00000000
  NumberOfRelocations  - 0x00000000
  NumberOfLinenumbers  - 0x00000000
  Characteristics      - 0x60000020
  Section - '.data   '
  Section - '.reloc  '
ImageCode SegmentCount - 0x1
ImageCode SegmentCount - 0x1
Loading driver at 0x0000F6D9000 EntryPoint=0x0000F6DB561 RuntimeDxe.efi
InstallProtocolInterface: BC62157E-3E33-4FEC-9920-2D3B36D750DF F103798
ProtectUefiImageCommon - 0xF103BC0
  - 0x000000000F6D9000 - 0x0000000000006000
InstallProtocolInterface: B7DFB4E1-052F-449F-87BE-9818FC91B733 F6DD080
Loading driver F80697E9-7FD6-4665-8646-88E33EF71DFC
InstallProtocolInterface: 5B1B31A1-9562-11D2-8E3F-00A0C969723B F103340
Loading driver at 0x0000F0E3000 EntryPoint=0x0000F0E4675 SecurityStubDxe.efi
InstallProtocolInterface: BC62157E-3E33-4FEC-9920-2D3B36D750DF F0ECB18
ProtectUefiImageCommon - 0xF103340
  - 0x000000000F0E3000 - 0x0000000000002B00
InstallProtocolInterface: 94AB2F58-1438-4EF1-9152-18941A3A0E68 F0E5818
InstallProtocolInterface: A46423E3-4617-49F1-B9FF-D1BFA9115839 F0E5810
InstallProtocolInterface: 15853D7C-3DDF-43E0-A1CB-EBF85B8F872C F0E57F0
Loading driver 13AC6DD0-73D0-11D4-B06B-00AA00BD6DE7
InstallProtocolInterface: 5B1B31A1-9562-11D2-8E3F-00A0C969723B F0EC240
Loading driver at 0x0000F0D7000 EntryPoint=0x0000F0DB4F2 EbcDxe.efi
InstallProtocolInterface: BC62157E-3E33-4FEC-9920-2D3B36D750DF F0EC598
ProtectUefiImageCommon - 0xF0EC240
  - 0x000000000F0D7000 - 0x0000000000005E40
InstallProtocolInterface: 13AC6DD1-73D0-11D4-B06B-00AA00BD6DE7 F0EFF98
InstallProtocolInterface: 96F46153-97A7-4793-ACC1-FA19BF78EA97 F0DC760
InstallProtocolInterface: 2755590C-6F3C-42FA-9EA4-A3BA543CDA25 F0EF098
InstallProtocolInterface: AAEACCFD-F27B-4C17-B610-75CA1F2DFB52 F0EF898
Loading driver A19B1FE7-C1BC-49F8-875F-54A5D542443F
InstallProtocolInterface: 5B1B31A1-9562-11D2-8E3F-00A0C969723B F0EF1C0
Loading driver at 0x0000F0DD000 EntryPoint=0x0000F0DEBE3 CpuIo2Dxe.efi
InstallProtocolInterface: BC62157E-3E33-4FEC-9920-2D3B36D750DF F0EF598
ProtectUefiImageCommon - 0xF0EF1C0
  - 0x000000000F0DD000 - 0x0000000000002940
InstallProtocolInterface: AD61F191-AE5F-4C0E-B9FA-E869D288C64F F0DF700
Loading driver 1A1E4886-9517-440E-9FDE-3BE44CEE2136
InstallProtocolInterface: 5B1B31A1-9562-11D2-8E3F-00A0C969723B F0EE1C0
Loading driver at 0x0000EC9B000 EntryPoint=0x0000ECAA3FA CpuDxe.efi
InstallProtocolInterface: BC62157E-3E33-4FEC-9920-2D3B36D750DF F0EEB98
ProtectUefiImageCommon - 0xF0EE1C0
  - 0x000000000EC9B000 - 0x000000000001D440
Paging: added 512 pages to page table pool
ConvertPageEntryAttribute 0xEA000E3->0xEA000E1
CurrentPagingContext:
  MachineType   - 0x8664
  PageTableBase - 0xF801000
  Attributes    - 0xC0000002
InstallProtocolInterface: 26BACCB1-6F42-11D4-BCE7-0080C73C8881 ECB15C0
MemoryProtectionCpuArchProtocolNotify:
ProtectUefiImageCommon - 0xFF08128
  - 0x000000000FEE4000 - 0x0000000000030000
Creating Image Properties Record: 0x000000000FEE4000 - 0x0000000000030000
 Image - /builddir/build/BUILD/edk2-20251119-build/edk2-46548b1adac8/Build/OvmfX64/DEBUG_GCC/X64/MdeModulePkg/Core/Dxe/DxeMain/DEBUG/DxeCore.dll
!!!!!!!!  Image Section Alignment(0x40) does not match Required Alignment (0x1000)  !!!!!!!!
ProtectUefiImage failed to create image properties record
SetUefiImageMemoryAttributes - 0x000000000FEE4000 - 0x0000000000030000 (0x0000000000000000)
Split - 0xEA01000
ProtectUefiImageCommon - 0xF0FC040
  - 0x000000000F0F0000 - 0x000000000000B1C0
Creating Image Properties Record: 0x000000000F0F0000 - 0x000000000000B1C0
 Image - /builddir/build/BUILD/edk2-20251119-build/edk2-46548b1adac8/Build/OvmfX64/DEBUG_GCC/X64/MdeModulePkg/Universal/DevicePathDxe/DevicePathDxe/DEBUG/DevicePathDxe.dll
!!!!!!!!  Image Section Alignment(0x40) does not match Required Alignment (0x1000)  !!!!!!!!
ProtectUefiImage failed to create image properties record
SetUefiImageMemoryAttributes - 0x000000000F0F0000 - 0x000000000000C000 (0x0000000000000000)
Split - 0xEA02000
ProtectUefiImageCommon - 0xF0FC4C0
  - 0x000000000F0FD000 - 0x0000000000005880
Creating Image Properties Record: 0x000000000F0FD000 - 0x0000000000005880
 Image - /builddir/build/BUILD/edk2-20251119-build/edk2-46548b1adac8/Build/OvmfX64/DEBUG_GCC/X64/MdeModulePkg/Universal/PCD/Dxe/Pcd/DEBUG/PcdDxe.dll
!!!!!!!!  Image Section Alignment(0x40) does not match Required Alignment (0x1000)  !!!!!!!!
ProtectUefiImage failed to create image properties record
SetUefiImageMemoryAttributes - 0x000000000F0FD000 - 0x0000000000006000 (0x0000000000000000)
ProtectUefiImageCommon - 0xF107B40
  - 0x000000000F0E6000 - 0x0000000000004E00
Creating Image Properties Record: 0x000000000F0E6000 - 0x0000000000004E00
 Image - /builddir/build/BUILD/edk2-20251119-build/edk2-46548b1adac8/Build/OvmfX64/DEBUG_GCC/X64/OvmfPkg/TdxDxe/TdxDxe/DEBUG/TdxDxe.dll
!!!!!!!!  Image Section Alignment(0x40) does not match Required Alignment (0x1000)  !!!!!!!!
ProtectUefiImage failed to create image properties record
SetUefiImageMemoryAttributes - 0x000000000F0E6000 - 0x0000000000005000 (0x0000000000000000)
ProtectUefiImageCommon - 0xF107140
  - 0x000000000F6E5000 - 0x0000000000008000
Creating Image Properties Record: 0x000000000F6E5000 - 0x0000000000008000
 Image - /builddir/build/BUILD/edk2-20251119-build/edk2-46548b1adac8/Build/OvmfX64/DEBUG_GCC/X64/OvmfPkg/QemuFlashFvbServicesRuntimeDxe/FvbServicesRuntimeDxe/DEBUG/FvbServicesRuntimeDxe.dll
  Section - '.text   '
  VirtualSize          - 0x00005000
  VirtualAddress       - 0x00001000
  SizeOfRawData        - 0x00005000
  PointerToRawData     - 0x00001000
  PointerToRelocations - 0x00000000
  PointerToLinenumbers - 0x00000000
  NumberOfRelocations  - 0x00000000
  NumberOfLinenumbers  - 0x00000000
  Characteristics      - 0x60000020
  Section - '.data   '
  Section - '.reloc  '
ImageCode SegmentCount - 0x1
SetUefiImageMemoryAttributes - 0x000000000F6E5000 - 0x0000000000001000 (0x0000000000004000)
Split - 0xEA03000
ConvertPageEntryAttribute 0xF6E5063->0x800000000F6E5063
SetUefiImageMemoryAttributes - 0x000000000F6E6000 - 0x0000000000005000 (0x0000000000020000)
ConvertPageEntryAttribute 0xF6E6063->0xF6E6061
ConvertPageEntryAttribute 0xF6E7063->0xF6E7061
ConvertPageEntryAttribute 0xF6E8063->0xF6E8061
ConvertPageEntryAttribute 0xF6E9063->0xF6E9061
ConvertPageEntryAttribute 0xF6EA063->0xF6EA061
SetUefiImageMemoryAttributes - 0x000000000F6EB000 - 0x0000000000002000 (0x0000000000004000)
ConvertPageEntryAttribute 0xF6EB063->0x800000000F6EB063
ConvertPageEntryAttribute 0xF6EC063->0x800000000F6EC063
ProtectUefiImageCommon - 0xF106240
  - 0x000000000F6DF000 - 0x0000000000006000
Creating Image Properties Record: 0x000000000F6DF000 - 0x0000000000006000
 Image - /builddir/build/BUILD/edk2-20251119-build/edk2-46548b1adac8/Build/OvmfX64/DEBUG_GCC/X64/MdeModulePkg/Universal/ReportStatusCodeRouter/RuntimeDxe/ReportStatusCodeRouterRuntimeDxe/DEBUG/ReportStatusCodeRouterRuntimeDxe.dll
  Section - '.text   '
  VirtualSize          - 0x00003000
  VirtualAddress       - 0x00001000
  SizeOfRawData        - 0x00003000
  PointerToRawData     - 0x00001000
  PointerToRelocations - 0x00000000
  PointerToLinenumbers - 0x00000000
  NumberOfRelocations  - 0x00000000
  NumberOfLinenumbers  - 0x00000000
  Characteristics      - 0x60000020
  Section - '.data   '
  Section - '.reloc  '
ImageCode SegmentCount - 0x1
SetUefiImageMemoryAttributes - 0x000000000F6DF000 - 0x0000000000001000 (0x0000000000004000)
ConvertPageEntryAttribute 0xF6DF063->0x800000000F6DF063
SetUefiImageMemoryAttributes - 0x000000000F6E0000 - 0x0000000000003000 (0x0000000000020000)
ConvertPageEntryAttribute 0xF6E0063->0xF6E0061
ConvertPageEntryAttribute 0xF6E1063->0xF6E1061
ConvertPageEntryAttribute 0xF6E2063->0xF6E2061
SetUefiImageMemoryAttributes - 0x000000000F6E3000 - 0x0000000000002000 (0x0000000000004000)
ConvertPageEntryAttribute 0xF6E3063->0x800000000F6E3063
ConvertPageEntryAttribute 0xF6E4063->0x800000000F6E4063
ProtectUefiImageCommon - 0xF103BC0
  - 0x000000000F6D9000 - 0x0000000000006000
Creating Image Properties Record: 0x000000000F6D9000 - 0x0000000000006000
 Image - /builddir/build/BUILD/edk2-20251119-build/edk2-46548b1adac8/Build/OvmfX64/DEBUG_GCC/X64/MdeModulePkg/Core/RuntimeDxe/RuntimeDxe/DEBUG/RuntimeDxe.dll
  Section - '.text   '
  VirtualSize          - 0x00003000
  VirtualAddress       - 0x00001000
  SizeOfRawData        - 0x00003000
  PointerToRawData     - 0x00001000
  PointerToRelocations - 0x00000000
  PointerToLinenumbers - 0x00000000
  NumberOfRelocations  - 0x00000000
  NumberOfLinenumbers  - 0x00000000
  Characteristics      - 0x60000020
  Section - '.data   '
  Section - '.reloc  '
ImageCode SegmentCount - 0x1
SetUefiImageMemoryAttributes - 0x000000000F6D9000 - 0x0000000000001000 (0x0000000000004000)
ConvertPageEntryAttribute 0xF6D9063->0x800000000F6D9063
SetUefiImageMemoryAttributes - 0x000000000F6DA000 - 0x0000000000003000 (0x0000000000020000)
ConvertPageEntryAttribute 0xF6DA063->0xF6DA061
ConvertPageEntryAttribute 0xF6DB063->0xF6DB061
ConvertPageEntryAttribute 0xF6DC063->0xF6DC061
SetUefiImageMemoryAttributes - 0x000000000F6DD000 - 0x0000000000002000 (0x0000000000004000)
ConvertPageEntryAttribute 0xF6DD063->0x800000000F6DD063
ConvertPageEntryAttribute 0xF6DE063->0x800000000F6DE063
ProtectUefiImageCommon - 0xF103340
  - 0x000000000F0E3000 - 0x0000000000002B00
Creating Image Properties Record: 0x000000000F0E3000 - 0x0000000000002B00
 Image - /builddir/build/BUILD/edk2-20251119-build/edk2-46548b1adac8/Build/OvmfX64/DEBUG_GCC/X64/MdeModulePkg/Universal/SecurityStubDxe/SecurityStubDxe/DEBUG/SecurityStubDxe.dll
!!!!!!!!  Image Section Alignment(0x40) does not match Required Alignment (0x1000)  !!!!!!!!
ProtectUefiImage failed to create image properties record
SetUefiImageMemoryAttributes - 0x000000000F0E3000 - 0x0000000000003000 (0x0000000000000000)
ProtectUefiImageCommon - 0xF0EC240
  - 0x000000000F0D7000 - 0x0000000000005E40
Creating Image Properties Record: 0x000000000F0D7000 - 0x0000000000005E40
 Image - /builddir/build/BUILD/edk2-20251119-build/edk2-46548b1adac8/Build/OvmfX64/DEBUG_GCC/X64/MdeModulePkg/Universal/EbcDxe/EbcDxe/DEBUG/EbcDxe.dll
!!!!!!!!  Image Section Alignment(0x40) does not match Required Alignment (0x1000)  !!!!!!!!
ProtectUefiImage failed to create image properties record
SetUefiImageMemoryAttributes - 0x000000000F0D7000 - 0x0000000000006000 (0x0000000000000000)
ProtectUefiImageCommon - 0xF0EF1C0
  - 0x000000000F0DD000 - 0x0000000000002940
Creating Image Properties Record: 0x000000000F0DD000 - 0x0000000000002940
 Image - /builddir/build/BUILD/edk2-20251119-build/edk2-46548b1adac8/Build/OvmfX64/DEBUG_GCC/X64/UefiCpuPkg/CpuIo2Dxe/CpuIo2Dxe/DEBUG/CpuIo2Dxe.dll
!!!!!!!!  Image Section Alignment(0x40) does not match Required Alignment (0x1000)  !!!!!!!!
ProtectUefiImage failed to create image properties record
SetUefiImageMemoryAttributes - 0x000000000F0DD000 - 0x0000000000003000 (0x0000000000000000)
ProtectUefiImageCommon - 0xF0EE1C0
  - 0x000000000EC9B000 - 0x000000000001D440
Creating Image Properties Record: 0x000000000EC9B000 - 0x000000000001D440
 Image - /builddir/build/BUILD/edk2-20251119-build/edk2-46548b1adac8/Build/OvmfX64/DEBUG_GCC/X64/UefiCpuPkg/CpuDxe/CpuDxe/DEBUG/CpuDxe.dll
!!!!!!!!  Image Section Alignment(0x40) does not match Required Alignment (0x1000)  !!!!!!!!
ProtectUefiImage failed to create image properties record
SetUefiImageMemoryAttributes - 0x000000000EC9B000 - 0x000000000001E000 (0x0000000000000000)
Split - 0xEA04000
InstallProtocolInterface: F4560CF6-40EC-4B4A-A192-BF1D57D0B189 ECB14E0
  Flushing GCD
  Flushing GCD
  Flushing GCD
  Flushing GCD
  Flushing GCD
  Flushing GCD
  Flushing GCD
  Flushing GCD
  Flushing GCD
  Flushing GCD
  Flushing GCD
  Flushing GCD
  Flushing GCD
  Flushing GCD
  Flushing GCD
  Flushing GCD
  Flushing GCD
  Flushing GCD
  Flushing GCD
Updated memory space attribute: [2] 000000000EA00000 - 000000000EBFFFFF (0000000000000008 -> 0000000000020008)
  Flushing GCD
Updated memory space attribute: [10] 000000000F800000 - 000000000F9FFFFF (0000000000000008 -> 0000000000020008)
  Flushing GCD
Updated memory space attribute: [10] 000000000FA00000 - 000000000FBFFFFF (0000000000000008 -> 0000000000020008)
  Flushing GCD
Updated memory space attribute: [10] 000000000FC00000 - 000000000FDFFFFF (0000000000000008 -> 0000000000020008)
Failed to update capability: [17] 00000000FED00000 - 00000000FED003FF (C700000000000001 -> C700000000026001)
MpInitLibInitialize: ProcessorIndex=0 CpuCount=1
AP Loop Mode is 1
AP Vector: non-16-bit = F0E0000/48D
ConvertPageEntryAttribute 0xF0E0063->0xF0E0061
FirstMpHandOff->WaitLoopExecutionMode: 0000, sizeof (VOID *): 0008
GetMicrocodePatchInfoFromHob: MicrocodeBase = 0x0, MicrocodeSize = 0x0
CPU[0000]: Microcode revision = 00000000, expected = 00000000
Detect CPU count: 1
WakeupBufferStart = 87000, WakeupBufferSize = E5
AP Vector: 16-bit = 87000/39, ExchangeInfo = 87040/A5
CpuDxe: 5-Level Paging = 0
Buffer[cpu0] for InitializeExceptionStackSwitchHandlers: 0xF5DA000 with size 0x10D0
CpuDxe: 5-Level Paging = 0
InstallProtocolInterface: 3FDDA605-A76E-4F46-AD29-12F4531B3D08 ECB1560
Loading driver F6697AC4-A776-4EE1-B643-1FEFF2B615BB
InstallProtocolInterface: 5B1B31A1-9562-11D2-8E3F-00A0C969723B F0ED140
Loading driver at 0x0000ECC1000 EntryPoint=0x0000ECC2147 IncompatiblePciDeviceSupportDxe.efi
InstallProtocolInterface: BC62157E-3E33-4FEC-9920-2D3B36D750DF F0ED498
ProtectUefiImageCommon - 0xF0ED140
  - 0x000000000ECC1000 - 0x0000000000001F80
Creating Image Properties Record: 0x000000000ECC1000 - 0x0000000000001F80
 Image - /builddir/build/BUILD/edk2-20251119-build/edk2-46548b1adac8/Build/OvmfX64/DEBUG_GCC/X64/OvmfPkg/IncompatiblePciDeviceSupportDxe/IncompatiblePciDeviceSupport/DEBUG/IncompatiblePciDeviceSupportDxe.dll
!!!!!!!!  Image Section Alignment(0x40) does not match Required Alignment (0x1000)  !!!!!!!!
ProtectUefiImage failed to create image properties record
SetUefiImageMemoryAttributes - 0x000000000ECC1000 - 0x0000000000002000 (0x0000000000000008)
InstallProtocolInterface: EB23F55A-7863-4AC2-8D3D-956535DE0375 ECC2DB0
Loading driver 11A6EDF6-A9BE-426D-A6CC-B22FE51D9224
InstallProtocolInterface: 5B1B31A1-9562-11D2-8E3F-00A0C969723B F0EB0C0
Loading driver at 0x0000EC96000 EntryPoint=0x0000EC99793 PciHotPlugInitDxe.efi
InstallProtocolInterface: BC62157E-3E33-4FEC-9920-2D3B36D750DF F0EB418
ProtectUefiImageCommon - 0xF0EB0C0
  - 0x000000000EC96000 - 0x0000000000004D40
Creating Image Properties Record: 0x000000000EC96000 - 0x0000000000004D40
 Image - /builddir/build/BUILD/edk2-20251119-build/edk2-46548b1adac8/Build/OvmfX64/DEBUG_GCC/X64/OvmfPkg/PciHotPlugInitDxe/PciHotPlugInit/DEBUG/PciHotPlugInitDxe.dll
!!!!!!!!  Image Section Alignment(0x40) does not match Required Alignment (0x1000)  !!!!!!!!
ProtectUefiImage failed to create image properties record
SetUefiImageMemoryAttributes - 0x000000000EC96000 - 0x0000000000005000 (0x0000000000000008)
InstallProtocolInterface: AA0E8BC1-DABC-46B0-A844-37B8169B2BEA EC9AB90
Loading driver 4B28E4C7-FF36-4E10-93CF-A82159E777C5
InstallProtocolInterface: 5B1B31A1-9562-11D2-8E3F-00A0C969723B F0EB8C0
InsertImageRecord - 0xF5EC698
  Image - /builddir/build/BUILD/edk2-20251119-build/edk2-46548b1adac8/Build/OvmfX64/DEBUG_GCC/X64/MdeModulePkg/Universal/ResetSystemRuntimeDxe/ResetSystemRuntimeDxe/DEBUG/ResetSystemRuntimeDxe.dll
Creating Image Properties Record: 0x000000000F6D3000 - 0x0000000000006000
 Image - /builddir/build/BUILD/edk2-20251119-build/edk2-46548b1adac8/Build/OvmfX64/DEBUG_GCC/X64/MdeModulePkg/Universal/ResetSystemRuntimeDxe/ResetSystemRuntimeDxe/DEBUG/ResetSystemRuntimeDxe.dll
  Section - '.text   '
  VirtualSize          - 0x00003000
  VirtualAddress       - 0x00001000
  SizeOfRawData        - 0x00003000
  PointerToRawData     - 0x00001000
  PointerToRelocations - 0x00000000
  PointerToLinenumbers - 0x00000000
  NumberOfRelocations  - 0x00000000
  NumberOfLinenumbers  - 0x00000000
  Characteristics      - 0x60000020
  Section - '.data   '
  Section - '.reloc  '
ImageCode SegmentCount - 0x1
ImageCode SegmentCount - 0x1
Loading driver at 0x0000F6D3000 EntryPoint=0x0000F6D5B00 ResetSystemRuntimeDxe.efi
InstallProtocolInterface: BC62157E-3E33-4FEC-9920-2D3B36D750DF ECC4E18
ProtectUefiImageCommon - 0xF0EB8C0
  - 0x000000000F6D3000 - 0x0000000000006000
Creating Image Properties Record: 0x000000000F6D3000 - 0x0000000000006000
 Image - /builddir/build/BUILD/edk2-20251119-build/edk2-46548b1adac8/Build/OvmfX64/DEBUG_GCC/X64/MdeModulePkg/Universal/ResetSystemRuntimeDxe/ResetSystemRuntimeDxe/DEBUG/ResetSystemRuntimeDxe.dll
  Section - '.text   '
  VirtualSize          - 0x00003000
  VirtualAddress       - 0x00001000
  SizeOfRawData        - 0x00003000
  PointerToRawData     - 0x00001000
  PointerToRelocations - 0x00000000
  PointerToLinenumbers - 0x00000000
  NumberOfRelocations  - 0x00000000
  NumberOfLinenumbers  - 0x00000000
  Characteristics      - 0x60000020
  Section - '.data   '
  Section - '.reloc  '
ImageCode SegmentCount - 0x1
SetUefiImageMemoryAttributes - 0x000000000F6D3000 - 0x0000000000001000 (0x0000000000004008)
ConvertPageEntryAttribute 0xF6D3063->0x800000000F6D3063
SetUefiImageMemoryAttributes - 0x000000000F6D4000 - 0x0000000000003000 (0x0000000000020008)
ConvertPageEntryAttribute 0xF6D4063->0xF6D4061
ConvertPageEntryAttribute 0xF6D5063->0xF6D5061
ConvertPageEntryAttribute 0xF6D6063->0xF6D6061
SetUefiImageMemoryAttributes - 0x000000000F6D7000 - 0x0000000000002000 (0x0000000000004008)
ConvertPageEntryAttribute 0xF6D7063->0x800000000F6D7063
ConvertPageEntryAttribute 0xF6D8063->0x800000000F6D8063
InstallProtocolInterface: 27CFAC88-46CC-11D4-9A38-0090273FC14D 0
InstallProtocolInterface: 9DA34AE0-EAF9-4BBF-8EC3-FD60226C44BE F6D7108
InstallProtocolInterface: 695D7835-8D47-4C11-AB22-FA8ACCE7AE7A F6D7148
InstallProtocolInterface: 2DF6BA0B-7092-440D-BD04-FB091EC3F3C1 F6D70C8
Loading driver C8339973-A563-4561-B858-D8476F9DEFC4
InstallProtocolInterface: 5B1B31A1-9562-11D2-8E3F-00A0C969723B ECC42C0
Loading driver at 0x0000ECBB000 EntryPoint=0x0000ECBC2B1 Metronome.efi
InstallProtocolInterface: BC62157E-3E33-4FEC-9920-2D3B36D750DF ECC3B18
ProtectUefiImageCommon - 0xECC42C0
  - 0x000000000ECBB000 - 0x0000000000002540
Creating Image Properties Record: 0x000000000ECBB000 - 0x0000000000002540
 Image - /builddir/build/BUILD/edk2-20251119-build/edk2-46548b1adac8/Build/OvmfX64/DEBUG_GCC/X64/MdeModulePkg/Universal/Metronome/Metronome/DEBUG/Metronome.dll
!!!!!!!!  Image Section Alignment(0x40) does not match Required Alignment (0x1000)  !!!!!!!!
ProtectUefiImage failed to create image properties record
SetUefiImageMemoryAttributes - 0x000000000ECBB000 - 0x0000000000003000 (0x0000000000000008)
InstallProtocolInterface: 26BACCB2-6F42-11D4-BCE7-0080C73C8881 ECBD2F0
Loading driver 348C4D62-BFBD-4882-9ECE-C80BB1C4783B
InstallProtocolInterface: 5B1B31A1-9562-11D2-8E3F-00A0C969723B ECC37C0
Loading driver at 0x0000EC5C000 EntryPoint=0x0000EC747A5 HiiDatabase.efi
InstallProtocolInterface: BC62157E-3E33-4FEC-9920-2D3B36D750DF ECC3718
ProtectUefiImageCommon - 0xECC37C0
  - 0x000000000EC5C000 - 0x000000000001C280
Creating Image Properties Record: 0x000000000EC5C000 - 0x000000000001C280
 Image - /builddir/build/BUILD/edk2-20251119-build/edk2-46548b1adac8/Build/OvmfX64/DEBUG_GCC/X64/MdeModulePkg/Universal/HiiDatabaseDxe/HiiDatabaseDxe/DEBUG/HiiDatabase.dll
!!!!!!!!  Image Section Alignment(0x40) does not match Required Alignment (0x1000)  !!!!!!!!
ProtectUefiImage failed to create image properties record
SetUefiImageMemoryAttributes - 0x000000000EC5C000 - 0x000000000001D000 (0x0000000000000008)
InstallProtocolInterface: E9CA4775-8657-47FC-97E7-7ED65A084324 EC77D68
InstallProtocolInterface: 0FD96974-23AA-4CDC-B9CB-98D17750322A EC77DE0
InstallProtocolInterface: EF9FC172-A1B2-4693-B327-6D32FC416042 EC77E08
InstallProtocolInterface: 587E72D7-CC50-4F79-8209-CA291FC1A10F EC77E60
InstallProtocolInterface: 0A8BADD5-03B8-4D19-B128-7B8F0EDAA596 EC77E90
InstallProtocolInterface: 31A6406A-6BDF-4E46-B2A2-EBAA89C40920 EC77D88
InstallProtocolInterface: 1A1241E6-8F19-41A9-BC0E-E8EF39E06546 EC77DB0
Loading driver 9622E42C-8E38-4A08-9E8F-54F784652F6B
InstallProtocolInterface: 5B1B31A1-9562-11D2-8E3F-00A0C969723B ECC07C0
Loading driver at 0x0000EC86000 EntryPoint=0x0000EC8A1A2 AcpiTableDxe.efi
InstallProtocolInterface: BC62157E-3E33-4FEC-9920-2D3B36D750DF ECC0718
ProtectUefiImageCommon - 0xECC07C0
  - 0x000000000EC86000 - 0x0000000000007BC0
Creating Image Properties Record: 0x000000000EC86000 - 0x0000000000007BC0
 Image - /builddir/build/BUILD/edk2-20251119-build/edk2-46548b1adac8/Build/OvmfX64/DEBUG_GCC/X64/MdeModulePkg/Universal/Acpi/AcpiTableDxe/AcpiTableDxe/DEBUG/AcpiTableDxe.dll
!!!!!!!!  Image Section Alignment(0x40) does not match Required Alignment (0x1000)  !!!!!!!!
ProtectUefiImage failed to create image properties record
SetUefiImageMemoryAttributes - 0x000000000EC86000 - 0x0000000000008000 (0x0000000000000008)
Fail to locate AcpiSiliconHob!!
InstallProtocolInterface: FFE06BDD-6107-46A6-7BB2-5A9C7EC5275C ECBF0A0
InstallProtocolInterface: EB97088E-CFDF-49C6-BE4B-D906A5B20E86 ECBF0B0
Loading driver BDCE85BB-FBAA-4F4E-9264-501A2C249581
InstallProtocolInterface: 5B1B31A1-9562-11D2-8E3F-00A0C969723B ECBFC40
Loading driver at 0x0000EC80000 EntryPoint=0x0000EC83E44 S3SaveStateDxe.efi
InstallProtocolInterface: BC62157E-3E33-4FEC-9920-2D3B36D750DF ECBF198
ProtectUefiImageCommon - 0xECBFC40
  - 0x000000000EC80000 - 0x0000000000005E00
Creating Image Properties Record: 0x000000000EC80000 - 0x0000000000005E00
 Image - /builddir/build/BUILD/edk2-20251119-build/edk2-46548b1adac8/Build/OvmfX64/DEBUG_GCC/X64/MdeModulePkg/Universal/Acpi/S3SaveStateDxe/S3SaveStateDxe/DEBUG/S3SaveStateDxe.dll
!!!!!!!!  Image Section Alignment(0x40) does not match Required Alignment (0x1000)  !!!!!!!!
ProtectUefiImage failed to create image properties record
SetUefiImageMemoryAttributes - 0x000000000EC80000 - 0x0000000000006000 (0x0000000000000008)
InstallProtocolInterface: BD445D79-B7AD-4F04-9AD8-29BD2040EB3C 0
InstallProtocolInterface: E857CAF6-C046-45DC-BE3F-EE0765FBA887 EC85A40
Loading driver A210F973-229D-4F4D-AA37-9895E6C9EABA
InstallProtocolInterface: 5B1B31A1-9562-11D2-8E3F-00A0C969723B ECBE040
Loading driver at 0x0000EC90000 EntryPoint=0x0000EC912EE DpcDxe.efi
InstallProtocolInterface: BC62157E-3E33-4FEC-9920-2D3B36D750DF ECBF498
ProtectUefiImageCommon - 0xECBE040
  - 0x000000000EC90000 - 0x00000000000021C0
Creating Image Properties Record: 0x000000000EC90000 - 0x00000000000021C0
 Image - /builddir/build/BUILD/edk2-20251119-build/edk2-46548b1adac8/Build/OvmfX64/DEBUG_GCC/X64/NetworkPkg/DpcDxe/DpcDxe/DEBUG/DpcDxe.dll
!!!!!!!!  Image Section Alignment(0x40) does not match Required Alignment (0x1000)  !!!!!!!!
ProtectUefiImage failed to create image properties record
SetUefiImageMemoryAttributes - 0x000000000EC90000 - 0x0000000000003000 (0x0000000000000008)
InstallProtocolInterface: 480F8AE9-0C46-4AA9-BC89-DB9FBA619806 EC91D80
Loading driver 8657015B-EA43-440D-949A-AF3BE365C0FC
InstallProtocolInterface: 5B1B31A1-9562-11D2-8E3F-00A0C969723B ECBEAC0
Loading driver at 0x0000EC55000 EntryPoint=0x0000EC591B1 IoMmuDxe.efi
InstallProtocolInterface: BC62157E-3E33-4FEC-9920-2D3B36D750DF ECBE918
ProtectUefiImageCommon - 0xECBEAC0
  - 0x000000000EC55000 - 0x00000000000065C0
Creating Image Properties Record: 0x000000000EC55000 - 0x00000000000065C0
 Image - /builddir/build/BUILD/edk2-20251119-build/edk2-46548b1adac8/Build/OvmfX64/DEBUG_GCC/X64/OvmfPkg/IoMmuDxe/IoMmuDxe/DEBUG/IoMmuDxe.dll
!!!!!!!!  Image Section Alignment(0x40) does not match Required Alignment (0x1000)  !!!!!!!!
ProtectUefiImage failed to create image properties record
SetUefiImageMemoryAttributes - 0x000000000EC55000 - 0x0000000000007000 (0x0000000000000008)
InstallProtocolInterface: F8775D50-8ABD-4ADF-92AC-853E51F6C8DC 0
Loading driver 60740CF3-D428-4500-80E6-04A5798241ED
InstallProtocolInterface: 5B1B31A1-9562-11D2-8E3F-00A0C969723B ECBA040
Loading driver at 0x0000EC51000 EntryPoint=0x0000EC53101 VirtHstiDxe.efi
InstallProtocolInterface: BC62157E-3E33-4FEC-9920-2D3B36D750DF ECBAD98
ProtectUefiImageCommon - 0xECBA040
  - 0x000000000EC51000 - 0x0000000000003C40
Creating Image Properties Record: 0x000000000EC51000 - 0x0000000000003C40
 Image - /builddir/build/BUILD/edk2-20251119-build/edk2-46548b1adac8/Build/OvmfX64/DEBUG_GCC/X64/OvmfPkg/VirtHstiDxe/VirtHstiDxe/DEBUG/VirtHstiDxe.dll
!!!!!!!!  Image Section Alignment(0x40) does not match Required Alignment (0x1000)  !!!!!!!!
ProtectUefiImage failed to create image properties record
SetUefiImageMemoryAttributes - 0x000000000EC51000 - 0x0000000000004000 (0x0000000000000008)
InstallProtocolInterface: E5DD1403-D622-C24E-8488-C71B17F5E802 ECBA2B0
Loading driver 22DC2B60-FE40-42AC-B01F-3AB1FAD9AAD8
InstallProtocolInterface: 5B1B31A1-9562-11D2-8E3F-00A0C969723B ECBA6C0
InsertImageRecord - 0xF5D4F98
  Image - /builddir/build/BUILD/edk2-20251119-build/edk2-46548b1adac8/Build/OvmfX64/DEBUG_GCC/X64/OvmfPkg/EmuVariableFvbRuntimeDxe/Fvb/DEBUG/EmuVariableFvbRuntimeDxe.dll
Creating Image Properties Record: 0x000000000F6CD000 - 0x0000000000006000
 Image - /builddir/build/BUILD/edk2-20251119-build/edk2-46548b1adac8/Build/OvmfX64/DEBUG_GCC/X64/OvmfPkg/EmuVariableFvbRuntimeDxe/Fvb/DEBUG/EmuVariableFvbRuntimeDxe.dll
  Section - '.text   '
  VirtualSize          - 0x00003000
  VirtualAddress       - 0x00001000
  SizeOfRawData        - 0x00003000
  PointerToRawData     - 0x00001000
  PointerToRelocations - 0x00000000
  PointerToLinenumbers - 0x00000000
  NumberOfRelocations  - 0x00000000
  NumberOfLinenumbers  - 0x00000000
  Characteristics      - 0x60000020
  Section - '.data   '
  Section - '.reloc  '
ImageCode SegmentCount - 0x1
ImageCode SegmentCount - 0x1
Loading driver at 0x0000F6CD000 EntryPoint=0x0000F6CF539 EmuVariableFvbRuntimeDxe.efi
InstallProtocolInterface: BC62157E-3E33-4FEC-9920-2D3B36D750DF ECB9E18
ProtectUefiImageCommon - 0xECBA6C0
  - 0x000000000F6CD000 - 0x0000000000006000
Creating Image Properties Record: 0x000000000F6CD000 - 0x0000000000006000
 Image - /builddir/build/BUILD/edk2-20251119-build/edk2-46548b1adac8/Build/OvmfX64/DEBUG_GCC/X64/OvmfPkg/EmuVariableFvbRuntimeDxe/Fvb/DEBUG/EmuVariableFvbRuntimeDxe.dll
  Section - '.text   '
  VirtualSize          - 0x00003000
  VirtualAddress       - 0x00001000
  SizeOfRawData        - 0x00003000
  PointerToRawData     - 0x00001000
  PointerToRelocations - 0x00000000
  PointerToLinenumbers - 0x00000000
  NumberOfRelocations  - 0x00000000
  NumberOfLinenumbers  - 0x00000000
  Characteristics      - 0x60000020
  Section - '.data   '
  Section - '.reloc  '
ImageCode SegmentCount - 0x1
SetUefiImageMemoryAttributes - 0x000000000F6CD000 - 0x0000000000001000 (0x0000000000004008)
ConvertPageEntryAttribute 0xF6CD063->0x800000000F6CD063
SetUefiImageMemoryAttributes - 0x000000000F6CE000 - 0x0000000000003000 (0x0000000000020008)
ConvertPageEntryAttribute 0xF6CE063->0xF6CE061
ConvertPageEntryAttribute 0xF6CF063->0xF6CF061
ConvertPageEntryAttribute 0xF6D0063->0xF6D0061
SetUefiImageMemoryAttributes - 0x000000000F6D1000 - 0x0000000000002000 (0x0000000000004008)
ConvertPageEntryAttribute 0xF6D1063->0x800000000F6D1063
ConvertPageEntryAttribute 0xF6D2063->0x800000000F6D2063
EMU Variable FVB Started
Disabling EMU Variable FVB since flash variables appear to be supported.
Error: Image at 0000F6CD000 start failed: Aborted
SetUefiImageMemoryAttributes - 0x000000000F6CD000 - 0x0000000000001000 (0x0000000000000008)
ConvertPageEntryAttribute 0x800000000F6CD063->0xF6CD063
SetUefiImageMemoryAttributes - 0x000000000F6CE000 - 0x0000000000003000 (0x0000000000000008)
ConvertPageEntryAttribute 0xF6CE061->0xF6CE063
ConvertPageEntryAttribute 0xF6CF061->0xF6CF063
ConvertPageEntryAttribute 0xF6D0061->0xF6D0063
SetUefiImageMemoryAttributes - 0x000000000F6D1000 - 0x0000000000002000 (0x0000000000000008)
ConvertPageEntryAttribute 0x800000000F6D1063->0xF6D1063
ConvertPageEntryAttribute 0x800000000F6D2063->0xF6D2063
RemoveImageRecord - 0xF5D4F98
RemoveImageRecord - 0x000000000F6CD000 - 0x0000000000006000
EfiGetMemoryAttributes: 0xF6CD000 - 0x6000
EfiGetMemoryAttributes: Attributes is 0x0
Loading driver CBD2E4D5-7068-4FF5-B462-9822B4AD8D60
InstallProtocolInterface: 5B1B31A1-9562-11D2-8E3F-00A0C969723B ECBA6C0
InsertImageRecord - 0xF5D4F98
  Image - /builddir/build/BUILD/edk2-20251119-build/edk2-46548b1adac8/Build/OvmfX64/DEBUG_GCC/X64/MdeModulePkg/Universal/Variable/RuntimeDxe/VariableRuntimeDxe/DEBUG/VariableRuntimeDxe.dll
Creating Image Properties Record: 0x000000000F6C3000 - 0x0000000000010000
 Image - /builddir/build/BUILD/edk2-20251119-build/edk2-46548b1adac8/Build/OvmfX64/DEBUG_GCC/X64/MdeModulePkg/Universal/Variable/RuntimeDxe/VariableRuntimeDxe/DEBUG/VariableRuntimeDxe.dll
  Section - '.text   '
  VirtualSize          - 0x0000D000
  VirtualAddress       - 0x00001000
  SizeOfRawData        - 0x0000D000
  PointerToRawData     - 0x00001000
  PointerToRelocations - 0x00000000
  PointerToLinenumbers - 0x00000000
  NumberOfRelocations  - 0x00000000
  NumberOfLinenumbers  - 0x00000000
  Characteristics      - 0x60000020
  Section - '.data   '
  Section - '.reloc  '
ImageCode SegmentCount - 0x1
ImageCode SegmentCount - 0x1
Loading driver at 0x0000F6C3000 EntryPoint=0x0000F6CB4D4 VariableRuntimeDxe.efi
InstallProtocolInterface: BC62157E-3E33-4FEC-9920-2D3B36D750DF ECB9E98
ProtectUefiImageCommon - 0xECBA6C0
  - 0x000000000F6C3000 - 0x0000000000010000
Creating Image Properties Record: 0x000000000F6C3000 - 0x0000000000010000
 Image - /builddir/build/BUILD/edk2-20251119-build/edk2-46548b1adac8/Build/OvmfX64/DEBUG_GCC/X64/MdeModulePkg/Universal/Variable/RuntimeDxe/VariableRuntimeDxe/DEBUG/VariableRuntimeDxe.dll
  Section - '.text   '
  VirtualSize          - 0x0000D000
  VirtualAddress       - 0x00001000
  SizeOfRawData        - 0x0000D000
  PointerToRawData     - 0x00001000
  PointerToRelocations - 0x00000000
  PointerToLinenumbers - 0x00000000
  NumberOfRelocations  - 0x00000000
  NumberOfLinenumbers  - 0x00000000
  Characteristics      - 0x60000020
  Section - '.data   '
  Section - '.reloc  '
ImageCode SegmentCount - 0x1
SetUefiImageMemoryAttributes - 0x000000000F6C3000 - 0x0000000000001000 (0x0000000000004008)
ConvertPageEntryAttribute 0xF6C3063->0x800000000F6C3063
SetUefiImageMemoryAttributes - 0x000000000F6C4000 - 0x000000000000D000 (0x0000000000020008)
ConvertPageEntryAttribute 0xF6C4063->0xF6C4061
ConvertPageEntryAttribute 0xF6C5063->0xF6C5061
ConvertPageEntryAttribute 0xF6C6063->0xF6C6061
ConvertPageEntryAttribute 0xF6C7063->0xF6C7061
ConvertPageEntryAttribute 0xF6C8063->0xF6C8061
ConvertPageEntryAttribute 0xF6C9063->0xF6C9061
ConvertPageEntryAttribute 0xF6CA063->0xF6CA061
ConvertPageEntryAttribute 0xF6CB063->0xF6CB061
ConvertPageEntryAttribute 0xF6CC063->0xF6CC061
ConvertPageEntryAttribute 0xF6CD063->0xF6CD061
ConvertPageEntryAttribute 0xF6CE063->0xF6CE061
ConvertPageEntryAttribute 0xF6CF063->0xF6CF061
ConvertPageEntryAttribute 0xF6D0063->0xF6D0061
SetUefiImageMemoryAttributes - 0x000000000F6D1000 - 0x0000000000002000 (0x0000000000004008)
ConvertPageEntryAttribute 0xF6D1063->0x800000000F6D1063
ConvertPageEntryAttribute 0xF6D2063->0x800000000F6D2063
VarCheckLibRegisterSetVariableCheckHandler - 0xF6CD3D7 Success
Variable driver common space: 0xDF9C 0xDF9C 0xDF9C
Variable driver will work with auth variable format!
InstallProtocolInterface: CD3D0A05-9E24-437C-A891-1EE053DB7638 F6D17C0
InstallProtocolInterface: AF23B340-97B4-4685-8D4F-A3F28169B21D F6D1790
InstallProtocolInterface: 1E5668E2-8481-11D4-BCF1-0080C73C8881 0
VarCheckLibRegisterSetVariableCheckHandler - 0xF6CC8DD Success
InstallProtocolInterface: 81D1675C-86F6-48DF-BD95-9A6E4F0925C3 F6D1720
Loading driver B981A835-6EE8-4F4C-AE0B-210AA0BFBF01
InstallProtocolInterface: 5B1B31A1-9562-11D2-8E3F-00A0C969723B EC95B40
Loading driver at 0x0000EC4D000 EntryPoint=0x0000EC4EAA2 RngDxe.efi
InstallProtocolInterface: BC62157E-3E33-4FEC-9920-2D3B36D750DF ECB9818
ProtectUefiImageCommon - 0xEC95B40
  - 0x000000000EC4D000 - 0x0000000000003380
Creating Image Properties Record: 0x000000000EC4D000 - 0x0000000000003380
 Image - /builddir/build/BUILD/edk2-20251119-build/edk2-46548b1adac8/Build/OvmfX64/DEBUG_GCC/X64/SecurityPkg/RandomNumberGenerator/RngDxe/RngDxe/DEBUG/RngDxe.dll
!!!!!!!!  Image Section Alignment(0x40) does not match Required Alignment (0x1000)  !!!!!!!!
ProtectUefiImage failed to create image properties record
SetUefiImageMemoryAttributes - 0x000000000EC4D000 - 0x0000000000004000 (0x0000000000000008)
Error: Image at 0000EC4D000 start failed: 00000001
EfiGetMemoryAttributes: 0xEC4D000 - 0x4000
EfiGetMemoryAttributes: Attributes is 0x0
Loading driver 6C2004EF-4E0E-4BE4-B14C-340EB4AA5891
InstallProtocolInterface: 5B1B31A1-9562-11D2-8E3F-00A0C969723B EC95B40
InsertImageRecord - 0xF5C9B18
  Image - /builddir/build/BUILD/edk2-20251119-build/edk2-46548b1adac8/Build/OvmfX64/DEBUG_GCC/X64/MdeModulePkg/Universal/StatusCodeHandler/RuntimeDxe/StatusCodeHandlerRuntimeDxe/DEBUG/StatusCodeHandlerRuntimeDxe.dll
Creating Image Properties Record: 0x000000000F6BF000 - 0x0000000000004000
 Image - /builddir/build/BUILD/edk2-20251119-build/edk2-46548b1adac8/Build/OvmfX64/DEBUG_GCC/X64/MdeModulePkg/Universal/StatusCodeHandler/RuntimeDxe/StatusCodeHandlerRuntimeDxe/DEBUG/StatusCodeHandlerRuntimeDxe.dll
  Section - '.text   '
  VirtualSize          - 0x00002000
  VirtualAddress       - 0x00001000
  SizeOfRawData        - 0x00002000
  PointerToRawData     - 0x00001000
  PointerToRelocations - 0x00000000
  PointerToLinenumbers - 0x00000000
  NumberOfRelocations  - 0x00000000
  NumberOfLinenumbers  - 0x00000000
  Characteristics      - 0x60000020
  Section - '.data   '
ImageCode SegmentCount - 0x1
ImageCode SegmentCount - 0x1
Loading driver at 0x0000F6BF000 EntryPoint=0x0000F6C10AD StatusCodeHandlerRuntimeDxe.efi
InstallProtocolInterface: BC62157E-3E33-4FEC-9920-2D3B36D750DF EC95A18
ProtectUefiImageCommon - 0xEC95B40
  - 0x000000000F6BF000 - 0x0000000000004000
Creating Image Properties Record: 0x000000000F6BF000 - 0x0000000000004000
 Image - /builddir/build/BUILD/edk2-20251119-build/edk2-46548b1adac8/Build/OvmfX64/DEBUG_GCC/X64/MdeModulePkg/Universal/StatusCodeHandler/RuntimeDxe/StatusCodeHandlerRuntimeDxe/DEBUG/StatusCodeHandlerRuntimeDxe.dll
  Section - '.text   '
  VirtualSize          - 0x00002000
  VirtualAddress       - 0x00001000
  SizeOfRawData        - 0x00002000
  PointerToRawData     - 0x00001000
  PointerToRelocations - 0x00000000
  PointerToLinenumbers - 0x00000000
  NumberOfRelocations  - 0x00000000
  NumberOfLinenumbers  - 0x00000000
  Characteristics      - 0x60000020
  Section - '.data   '
ImageCode SegmentCount - 0x1
SetUefiImageMemoryAttributes - 0x000000000F6BF000 - 0x0000000000001000 (0x0000000000004008)
ConvertPageEntryAttribute 0xF6BF063->0x800000000F6BF063
SetUefiImageMemoryAttributes - 0x000000000F6C0000 - 0x0000000000002000 (0x0000000000020008)
ConvertPageEntryAttribute 0xF6C0063->0xF6C0061
ConvertPageEntryAttribute 0xF6C1063->0xF6C1061
SetUefiImageMemoryAttributes - 0x000000000F6C2000 - 0x0000000000001000 (0x0000000000004008)
ConvertPageEntryAttribute 0xF6C2063->0x800000000F6C2063
Loading driver 52FE8196-F9DE-4D07-B22F-51F77A0E7C41
InstallProtocolInterface: 5B1B31A1-9562-11D2-8E3F-00A0C969723B EC94040
Loading driver at 0x0000EC7A000 EntryPoint=0x0000EC7B9F0 LocalApicTimerDxe.efi
InstallProtocolInterface: BC62157E-3E33-4FEC-9920-2D3B36D750DF EC95298
ProtectUefiImageCommon - 0xEC94040
  - 0x000000000EC7A000 - 0x0000000000002DC0
Creating Image Properties Record: 0x000000000EC7A000 - 0x0000000000002DC0
 Image - /builddir/build/BUILD/edk2-20251119-build/edk2-46548b1adac8/Build/OvmfX64/DEBUG_GCC/X64/OvmfPkg/LocalApicTimerDxe/LocalApicTimerDxe/DEBUG/LocalApicTimerDxe.dll
!!!!!!!!  Image Section Alignment(0x40) does not match Required Alignment (0x1000)  !!!!!!!!
ProtectUefiImage failed to create image properties record
SetUefiImageMemoryAttributes - 0x000000000EC7A000 - 0x0000000000003000 (0x0000000000000008)
InstallProtocolInterface: 26BACCB3-6F42-11D4-BCE7-0080C73C8881 EC7CAE0
Loading driver 128FB770-5E79-4176-9E51-9BB268A17DD1
InstallProtocolInterface: 5B1B31A1-9562-11D2-8E3F-00A0C969723B EC942C0
Loading driver at 0x0000EC3D000 EntryPoint=0x0000EC44162 PciHostBridgeDxe.efi
InstallProtocolInterface: BC62157E-3E33-4FEC-9920-2D3B36D750DF EC94518
ProtectUefiImageCommon - 0xEC942C0
  - 0x000000000EC3D000 - 0x0000000000009A40
Creating Image Properties Record: 0x000000000EC3D000 - 0x0000000000009A40
 Image - /builddir/build/BUILD/edk2-20251119-build/edk2-46548b1adac8/Build/OvmfX64/DEBUG_GCC/X64/MdeModulePkg/Bus/Pci/PciHostBridgeDxe/PciHostBridgeDxe/DEBUG/PciHostBridgeDxe.dll
!!!!!!!!  Image Section Alignment(0x40) does not match Required Alignment (0x1000)  !!!!!!!!
ProtectUefiImage failed to create image properties record
SetUefiImageMemoryAttributes - 0x000000000EC3D000 - 0x000000000000A000 (0x0000000000000008)
Select Item: 0x0
InternalQemuFwCfgCacheReadBytes: found Item 0x0 in FwCfg Cache
FW CFG Signature: 0x554D4551
Select Item: 0x1
InternalQemuFwCfgCacheReadBytes: found Item 0x1 in FwCfg Cache
FW CFG Revision: 0x3
QemuFwCfg interface (DMA) is supported.
Select Item: 0x19
InternalQemuFwCfgCacheReadBytes: found Item 0x19 in FwCfg Cache
InternalQemuFwCfgCacheReadBytes: found Item 0x19 in FwCfg Cache
InternalQemuFwCfgCacheReadBytes: found Item 0x19 in FwCfg Cache
InternalQemuFwCfgCacheReadBytes: found Item 0x19 in FwCfg Cache
InternalQemuFwCfgCacheReadBytes: found Item 0x19 in FwCfg Cache
InternalQemuFwCfgCacheReadBytes: found Item 0x19 in FwCfg Cache
InternalQemuFwCfgCacheReadBytes: found Item 0x19 in FwCfg Cache
InternalQemuFwCfgCacheReadBytes: found Item 0x19 in FwCfg Cache
InternalQemuFwCfgCacheReadBytes: found Item 0x19 in FwCfg Cache
InternalQemuFwCfgCacheReadBytes: found Item 0x19 in FwCfg Cache
InternalQemuFwCfgCacheReadBytes: found Item 0x19 in FwCfg Cache
InternalQemuFwCfgCacheReadBytes: found Item 0x19 in FwCfg Cache
InternalQemuFwCfgCacheReadBytes: found Item 0x19 in FwCfg Cache
InternalQemuFwCfgCacheReadBytes: found Item 0x19 in FwCfg Cache
InternalQemuFwCfgCacheReadBytes: found Item 0x19 in FwCfg Cache
InternalQemuFwCfgCacheReadBytes: found Item 0x19 in FwCfg Cache
InternalQemuFwCfgCacheReadBytes: found Item 0x19 in FwCfg Cache
InternalQemuFwCfgCacheReadBytes: found Item 0x19 in FwCfg Cache
InternalQemuFwCfgCacheReadBytes: found Item 0x19 in FwCfg Cache
InternalQemuFwCfgCacheReadBytes: found Item 0x19 in FwCfg Cache
InternalQemuFwCfgCacheReadBytes: found Item 0x19 in FwCfg Cache
InternalQemuFwCfgCacheReadBytes: found Item 0x19 in FwCfg Cache
InternalQemuFwCfgCacheReadBytes: found Item 0x19 in FwCfg Cache
InternalQemuFwCfgCacheReadBytes: found Item 0x19 in FwCfg Cache
InternalQemuFwCfgCacheReadBytes: found Item 0x19 in FwCfg Cache
InternalQemuFwCfgCacheReadBytes: found Item 0x19 in FwCfg Cache
InternalQemuFwCfgCacheReadBytes: found Item 0x19 in FwCfg Cache
InternalQemuFwCfgCacheReadBytes: found Item 0x19 in FwCfg Cache
InternalQemuFwCfgCacheReadBytes: found Item 0x19 in FwCfg Cache
InternalQemuFwCfgCacheReadBytes: found Item 0x19 in FwCfg Cache
InternalQemuFwCfgCacheReadBytes: found Item 0x19 in FwCfg Cache
InternalQemuFwCfgCacheReadBytes: found Item 0x19 in FwCfg Cache
InternalQemuFwCfgCacheReadBytes: found Item 0x19 in FwCfg Cache
InternalQemuFwCfgCacheReadBytes: found Item 0x19 in FwCfg Cache
InternalQemuFwCfgCacheReadBytes: found Item 0x19 in FwCfg Cache
InternalQemuFwCfgCacheReadBytes: found Item 0x19 in FwCfg Cache
InternalQemuFwCfgCacheReadBytes: found Item 0x19 in FwCfg Cache
InternalQemuFwCfgCacheReadBytes: found Item 0x19 in FwCfg Cache
InternalQemuFwCfgCacheReadBytes: found Item 0x19 in FwCfg Cache
InternalQemuFwCfgCacheReadBytes: found Item 0x19 in FwCfg Cache
InternalQemuFwCfgCacheReadBytes: found Item 0x19 in FwCfg Cache
InternalQemuFwCfgCacheReadBytes: found Item 0x19 in FwCfg Cache
InternalQemuFwCfgCacheReadBytes: found Item 0x19 in FwCfg Cache
InternalQemuFwCfgCacheReadBytes: found Item 0x19 in FwCfg Cache
InternalQemuFwCfgCacheReadBytes: found Item 0x19 in FwCfg Cache
InternalQemuFwCfgCacheReadBytes: found Item 0x19 in FwCfg Cache
InternalQemuFwCfgCacheReadBytes: found Item 0x19 in FwCfg Cache
InternalQemuFwCfgCacheReadBytes: found Item 0x19 in FwCfg Cache
InternalQemuFwCfgCacheReadBytes: found Item 0x19 in FwCfg Cache
InternalQemuFwCfgCacheReadBytes: found Item 0x19 in FwCfg Cache
InternalQemuFwCfgCacheReadBytes: found Item 0x19 in FwCfg Cache
InternalQemuFwCfgCacheReadBytes: found Item 0x19 in FwCfg Cache
InternalQemuFwCfgCacheReadBytes: found Item 0x19 in FwCfg Cache
InternalQemuFwCfgCacheReadBytes: found Item 0x19 in FwCfg Cache
InternalQemuFwCfgCacheReadBytes: found Item 0x19 in FwCfg Cache
InternalQemuFwCfgCacheReadBytes: found Item 0x19 in FwCfg Cache
InternalQemuFwCfgCacheReadBytes: found Item 0x19 in FwCfg Cache
InternalQemuFwCfgCacheReadBytes: found Item 0x19 in FwCfg Cache
InternalQemuFwCfgCacheReadBytes: found Item 0x19 in FwCfg Cache
InternalQemuFwCfgCacheReadBytes: found Item 0x19 in FwCfg Cache
InternalQemuFwCfgCacheReadBytes: found Item 0x19 in FwCfg Cache
Select Item: 0x19
InternalQemuFwCfgCacheReadBytes: found Item 0x19 in FwCfg Cache
InternalQemuFwCfgCacheReadBytes: found Item 0x19 in FwCfg Cache
InternalQemuFwCfgCacheReadBytes: found Item 0x19 in FwCfg Cache
InternalQemuFwCfgCacheReadBytes: found Item 0x19 in FwCfg Cache
InternalQemuFwCfgCacheReadBytes: found Item 0x19 in FwCfg Cache
InternalQemuFwCfgCacheReadBytes: found Item 0x19 in FwCfg Cache
InternalQemuFwCfgCacheReadBytes: found Item 0x19 in FwCfg Cache
InternalQemuFwCfgCacheReadBytes: found Item 0x19 in FwCfg Cache
InternalQemuFwCfgCacheReadBytes: found Item 0x19 in FwCfg Cache
InternalQemuFwCfgCacheReadBytes: found Item 0x19 in FwCfg Cache
InternalQemuFwCfgCacheReadBytes: found Item 0x19 in FwCfg Cache
InternalQemuFwCfgCacheReadBytes: found Item 0x19 in FwCfg Cache
InternalQemuFwCfgCacheReadBytes: found Item 0x19 in FwCfg Cache
InternalQemuFwCfgCacheReadBytes: found Item 0x19 in FwCfg Cache
InternalQemuFwCfgCacheReadBytes: found Item 0x19 in FwCfg Cache
InternalQemuFwCfgCacheReadBytes: found Item 0x19 in FwCfg Cache
InternalQemuFwCfgCacheReadBytes: found Item 0x19 in FwCfg Cache
InternalQemuFwCfgCacheReadBytes: found Item 0x19 in FwCfg Cache
InternalQemuFwCfgCacheReadBytes: found Item 0x19 in FwCfg Cache
InternalQemuFwCfgCacheReadBytes: found Item 0x19 in FwCfg Cache
InternalQemuFwCfgCacheReadBytes: found Item 0x19 in FwCfg Cache
InternalQemuFwCfgCacheReadBytes: found Item 0x19 in FwCfg Cache
InternalQemuFwCfgCacheReadBytes: found Item 0x19 in FwCfg Cache
InternalQemuFwCfgCacheReadBytes: found Item 0x19 in FwCfg Cache
InternalQemuFwCfgCacheReadBytes: found Item 0x19 in FwCfg Cache
InternalQemuFwCfgCacheReadBytes: found Item 0x19 in FwCfg Cache
InternalQemuFwCfgCacheReadBytes: found Item 0x19 in FwCfg Cache
InternalQemuFwCfgCacheReadBytes: found Item 0x19 in FwCfg Cache
InternalQemuFwCfgCacheReadBytes: found Item 0x19 in FwCfg Cache
InternalQemuFwCfgCacheReadBytes: found Item 0x19 in FwCfg Cache
InternalQemuFwCfgCacheReadBytes: found Item 0x19 in FwCfg Cache
InternalQemuFwCfgCacheReadBytes: found Item 0x19 in FwCfg Cache
InternalQemuFwCfgCacheReadBytes: found Item 0x19 in FwCfg Cache
InternalQemuFwCfgCacheReadBytes: found Item 0x19 in FwCfg Cache
InternalQemuFwCfgCacheReadBytes: found Item 0x19 in FwCfg Cache
InternalQemuFwCfgCacheReadBytes: found Item 0x19 in FwCfg Cache
InternalQemuFwCfgCacheReadBytes: found Item 0x19 in FwCfg Cache
InternalQemuFwCfgCacheReadBytes: found Item 0x19 in FwCfg Cache
InternalQemuFwCfgCacheReadBytes: found Item 0x19 in FwCfg Cache
InternalQemuFwCfgCacheReadBytes: found Item 0x19 in FwCfg Cache
InternalQemuFwCfgCacheReadBytes: found Item 0x19 in FwCfg Cache
InternalQemuFwCfgCacheReadBytes: found Item 0x19 in FwCfg Cache
InternalQemuFwCfgCacheReadBytes: found Item 0x19 in FwCfg Cache
InternalQemuFwCfgCacheReadBytes: found Item 0x19 in FwCfg Cache
InternalQemuFwCfgCacheReadBytes: found Item 0x19 in FwCfg Cache
InternalQemuFwCfgCacheReadBytes: found Item 0x19 in FwCfg Cache
InternalQemuFwCfgCacheReadBytes: found Item 0x19 in FwCfg Cache
InternalQemuFwCfgCacheReadBytes: found Item 0x19 in FwCfg Cache
InternalQemuFwCfgCacheReadBytes: found Item 0x19 in FwCfg Cache
InternalQemuFwCfgCacheReadBytes: found Item 0x19 in FwCfg Cache
InternalQemuFwCfgCacheReadBytes: found Item 0x19 in FwCfg Cache
InternalQemuFwCfgCacheReadBytes: found Item 0x19 in FwCfg Cache
InternalQemuFwCfgCacheReadBytes: found Item 0x19 in FwCfg Cache
InternalQemuFwCfgCacheReadBytes: found Item 0x19 in FwCfg Cache
InternalQemuFwCfgCacheReadBytes: found Item 0x19 in FwCfg Cache
InternalQemuFwCfgCacheReadBytes: found Item 0x19 in FwCfg Cache
InternalQemuFwCfgCacheReadBytes: found Item 0x19 in FwCfg Cache
InternalQemuFwCfgCacheReadBytes: found Item 0x19 in FwCfg Cache
InternalQemuFwCfgCacheReadBytes: found Item 0x19 in FwCfg Cache
InternalQemuFwCfgCacheReadBytes: found Item 0x19 in FwCfg Cache
InternalQemuFwCfgCacheReadBytes: found Item 0x19 in FwCfg Cache
PciHostBridgeUtilityInitRootBridge: populated root bus 0, with room for 255 subordinate bus(es)
RootBridge: PciRoot(0x0)
  Support/Attr: 70069 / 70069
    DmaAbove4G: No
NoExtConfSpace: No
     AllocAttr: 3 (CombineMemPMem Mem64Decode)
           Bus: 0 - FF Translation=0
            Io: 6000 - FFFF Translation=0
           Mem: 80000000 - DFFFFFFF Translation=0
    MemAbove4G: C000000000 - DFFFFFFFFF Translation=0
          PMem: FFFFFFFFFFFFFFFF - 0 Translation=0
   PMemAbove4G: FFFFFFFFFFFFFFFF - 0 Translation=0
PciHostBridgeDxe: IntersectMemoryDescriptor: add [C000000000, E000000000): Success
InstallProtocolInterface: CF8034BE-6768-4D8B-B739-7CCE683A9FBE EC94840
InstallProtocolInterface: 09576E91-6D3F-11D2-8E39-00A0C969723B EC94918
InstallProtocolInterface: 2F707EBB-4A1A-11D4-9A38-0090273FC14D EC931F0
Loading driver EBF342FE-B1D3-4EF8-957C-8048606FF671
InstallProtocolInterface: 5B1B31A1-9562-11D2-8E3F-00A0C969723B EC93540
Loading driver at 0x0000EC0D000 EntryPoint=0x0000EC1DEA0 SetupBrowser.efi
InstallProtocolInterface: BC62157E-3E33-4FEC-9920-2D3B36D750DF EC8F018
ProtectUefiImageCommon - 0xEC93540
  - 0x000000000EC0D000 - 0x0000000000017E40
Creating Image Properties Record: 0x000000000EC0D000 - 0x0000000000017E40
 Image - /builddir/build/BUILD/edk2-20251119-build/edk2-46548b1adac8/Build/OvmfX64/DEBUG_GCC/X64/MdeModulePkg/Universal/SetupBrowserDxe/SetupBrowserDxe/DEBUG/SetupBrowser.dll
!!!!!!!!  Image Section Alignment(0x40) does not match Required Alignment (0x1000)  !!!!!!!!
ProtectUefiImage failed to create image properties record
SetUefiImageMemoryAttributes - 0x000000000EC0D000 - 0x0000000000018000 (0x0000000000000008)
InstallProtocolInterface: B9D4C360-BCFB-4F9B-9298-53C136982258 EC24870
InstallProtocolInterface: A770C357-B693-4E6D-A6CF-D21C728E550B EC248A0
InstallProtocolInterface: 1F73B18D-4630-43C1-A1DE-6F80855D7DA4 EC24880
Loading driver F9D88642-0737-49BC-81B5-6889CD57D9EA
InstallProtocolInterface: 5B1B31A1-9562-11D2-8E3F-00A0C969723B EC8F240
Loading driver at 0x0000EC37000 EntryPoint=0x0000EC3A3D4 SmbiosDxe.efi
InstallProtocolInterface: BC62157E-3E33-4FEC-9920-2D3B36D750DF EC8FC18
ProtectUefiImageCommon - 0xEC8F240
  - 0x000000000EC37000 - 0x0000000000005700
Creating Image Properties Record: 0x000000000EC37000 - 0x0000000000005700
 Image - /builddir/build/BUILD/edk2-20251119-build/edk2-46548b1adac8/Build/OvmfX64/DEBUG_GCC/X64/MdeModulePkg/Universal/SmbiosDxe/SmbiosDxe/DEBUG/SmbiosDxe.dll
!!!!!!!!  Image Section Alignment(0x40) does not match Required Alignment (0x1000)  !!!!!!!!
ProtectUefiImage failed to create image properties record
SetUefiImageMemoryAttributes - 0x000000000EC37000 - 0x0000000000006000 (0x0000000000000008)
Select Item: 0x0
InternalQemuFwCfgCacheReadBytes: found Item 0x0 in FwCfg Cache
FW CFG Signature: 0x554D4551
Select Item: 0x1
InternalQemuFwCfgCacheReadBytes: found Item 0x1 in FwCfg Cache
FW CFG Revision: 0x3
QemuFwCfg interface (DMA) is supported.
Select Item: 0x19
InternalQemuFwCfgCacheReadBytes: found Item 0x19 in FwCfg Cache
InternalQemuFwCfgCacheReadBytes: found Item 0x19 in FwCfg Cache
InternalQemuFwCfgCacheReadBytes: found Item 0x19 in FwCfg Cache
InternalQemuFwCfgCacheReadBytes: found Item 0x19 in FwCfg Cache
InternalQemuFwCfgCacheReadBytes: found Item 0x19 in FwCfg Cache
InternalQemuFwCfgCacheReadBytes: found Item 0x19 in FwCfg Cache
InternalQemuFwCfgCacheReadBytes: found Item 0x19 in FwCfg Cache
InternalQemuFwCfgCacheReadBytes: found Item 0x19 in FwCfg Cache
InternalQemuFwCfgCacheReadBytes: found Item 0x19 in FwCfg Cache
InternalQemuFwCfgCacheReadBytes: found Item 0x19 in FwCfg Cache
InternalQemuFwCfgCacheReadBytes: found Item 0x19 in FwCfg Cache
InternalQemuFwCfgCacheReadBytes: found Item 0x19 in FwCfg Cache
InternalQemuFwCfgCacheReadBytes: found Item 0x19 in FwCfg Cache
InternalQemuFwCfgCacheReadBytes: found Item 0x19 in FwCfg Cache
InternalQemuFwCfgCacheReadBytes: found Item 0x19 in FwCfg Cache
InternalQemuFwCfgCacheReadBytes: found Item 0x19 in FwCfg Cache
InternalQemuFwCfgCacheReadBytes: found Item 0x19 in FwCfg Cache
InternalQemuFwCfgCacheReadBytes: found Item 0x19 in FwCfg Cache
InternalQemuFwCfgCacheReadBytes: found Item 0x19 in FwCfg Cache
InternalQemuFwCfgCacheReadBytes: found Item 0x19 in FwCfg Cache
InternalQemuFwCfgCacheReadBytes: found Item 0x19 in FwCfg Cache
InternalQemuFwCfgCacheReadBytes: found Item 0x19 in FwCfg Cache
InternalQemuFwCfgCacheReadBytes: found Item 0x19 in FwCfg Cache
InternalQemuFwCfgCacheReadBytes: found Item 0x19 in FwCfg Cache
InternalQemuFwCfgCacheReadBytes: found Item 0x19 in FwCfg Cache
InternalQemuFwCfgCacheReadBytes: found Item 0x19 in FwCfg Cache
InternalQemuFwCfgCacheReadBytes: found Item 0x19 in FwCfg Cache
InternalQemuFwCfgCacheReadBytes: found Item 0x19 in FwCfg Cache
InternalQemuFwCfgCacheReadBytes: found Item 0x19 in FwCfg Cache
Select Item: 0x19
InternalQemuFwCfgCacheReadBytes: found Item 0x19 in FwCfg Cache
InternalQemuFwCfgCacheReadBytes: found Item 0x19 in FwCfg Cache
InternalQemuFwCfgCacheReadBytes: found Item 0x19 in FwCfg Cache
InternalQemuFwCfgCacheReadBytes: found Item 0x19 in FwCfg Cache
InternalQemuFwCfgCacheReadBytes: found Item 0x19 in FwCfg Cache
InternalQemuFwCfgCacheReadBytes: found Item 0x19 in FwCfg Cache
InternalQemuFwCfgCacheReadBytes: found Item 0x19 in FwCfg Cache
InternalQemuFwCfgCacheReadBytes: found Item 0x19 in FwCfg Cache
InternalQemuFwCfgCacheReadBytes: found Item 0x19 in FwCfg Cache
InternalQemuFwCfgCacheReadBytes: found Item 0x19 in FwCfg Cache
InternalQemuFwCfgCacheReadBytes: found Item 0x19 in FwCfg Cache
InternalQemuFwCfgCacheReadBytes: found Item 0x19 in FwCfg Cache
InternalQemuFwCfgCacheReadBytes: found Item 0x19 in FwCfg Cache
InternalQemuFwCfgCacheReadBytes: found Item 0x19 in FwCfg Cache
InternalQemuFwCfgCacheReadBytes: found Item 0x19 in FwCfg Cache
InternalQemuFwCfgCacheReadBytes: found Item 0x19 in FwCfg Cache
InternalQemuFwCfgCacheReadBytes: found Item 0x19 in FwCfg Cache
InternalQemuFwCfgCacheReadBytes: found Item 0x19 in FwCfg Cache
InternalQemuFwCfgCacheReadBytes: found Item 0x19 in FwCfg Cache
InternalQemuFwCfgCacheReadBytes: found Item 0x19 in FwCfg Cache
InternalQemuFwCfgCacheReadBytes: found Item 0x19 in FwCfg Cache
InternalQemuFwCfgCacheReadBytes: found Item 0x19 in FwCfg Cache
InternalQemuFwCfgCacheReadBytes: found Item 0x19 in FwCfg Cache
InternalQemuFwCfgCacheReadBytes: found Item 0x19 in FwCfg Cache
InternalQemuFwCfgCacheReadBytes: found Item 0x19 in FwCfg Cache
InternalQemuFwCfgCacheReadBytes: found Item 0x19 in FwCfg Cache
InternalQemuFwCfgCacheReadBytes: found Item 0x19 in FwCfg Cache
InternalQemuFwCfgCacheReadBytes: found Item 0x19 in FwCfg Cache
InternalQemuFwCfgCacheReadBytes: found Item 0x19 in FwCfg Cache
InternalQemuFwCfgCacheReadBytes: found Item 0x19 in FwCfg Cache
InternalQemuFwCfgCacheReadBytes: found Item 0x19 in FwCfg Cache
InternalQemuFwCfgCacheReadBytes: found Item 0x19 in FwCfg Cache
InternalQemuFwCfgCacheReadBytes: found Item 0x19 in FwCfg Cache
Select Item: 0x26
DetectSmbiosVersion: SMBIOS version from QEMU: 0x0208
InstallProtocolInterface: 03583FF6-CB36-4940-947E-B9B39F4AFAF7 EC3C4D0
Loading driver 17985E6F-E778-4D94-AEFA-C5DD2B77E186
InstallProtocolInterface: 5B1B31A1-9562-11D2-8E3F-00A0C969723B EC8E0C0
Loading driver at 0x0000EC30000 EntryPoint=0x0000EC342EA QemuFwCfgAcpiPlatform.efi
InstallProtocolInterface: BC62157E-3E33-4FEC-9920-2D3B36D750DF EC8ED18
ProtectUefiImageCommon - 0xEC8E0C0
  - 0x000000000EC30000 - 0x00000000000066C0
Creating Image Properties Record: 0x000000000EC30000 - 0x00000000000066C0
 Image - /builddir/build/BUILD/edk2-20251119-build/edk2-46548b1adac8/Build/OvmfX64/DEBUG_GCC/X64/OvmfPkg/AcpiPlatformDxe/AcpiPlatformDxe/DEBUG/QemuFwCfgAcpiPlatform.dll
!!!!!!!!  Image Section Alignment(0x40) does not match Required Alignment (0x1000)  !!!!!!!!
ProtectUefiImage failed to create image properties record
SetUefiImageMemoryAttributes - 0x000000000EC30000 - 0x0000000000007000 (0x0000000000000008)
Select Item: 0x0
InternalQemuFwCfgCacheReadBytes: found Item 0x0 in FwCfg Cache
FW CFG Signature: 0x554D4551
Select Item: 0x1
InternalQemuFwCfgCacheReadBytes: found Item 0x1 in FwCfg Cache
FW CFG Revision: 0x3
QemuFwCfg interface (DMA) is supported.
AcpiPlatformEntryPoint: waiting for root bridges to be connected, registered callback
Loading driver FA20568B-548B-4B2B-81EF-1BA08D4A3CEC
InstallProtocolInterface: 5B1B31A1-9562-11D2-8E3F-00A0C969723B EC8E4C0
Loading driver at 0x0000E9D2000 EntryPoint=0x0000E9D7BEA BootScriptExecutorDxe.efi
InstallProtocolInterface: BC62157E-3E33-4FEC-9920-2D3B36D750DF EC7F018
ProtectUefiImageCommon - 0xEC8E4C0
  - 0x000000000E9D2000 - 0x0000000000016AC0
Creating Image Properties Record: 0x000000000E9D2000 - 0x0000000000016AC0
 Image - /builddir/build/BUILD/edk2-20251119-build/edk2-46548b1adac8/Build/OvmfX64/DEBUG_GCC/X64/MdeModulePkg/Universal/Acpi/BootScriptExecutorDxe/BootScriptExecutorDxe/DEBUG/BootScriptExecutorDxe.dll
!!!!!!!!  Image Section Alignment(0x40) does not match Required Alignment (0x1000)  !!!!!!!!
ProtectUefiImage failed to create image properties record
SetUefiImageMemoryAttributes - 0x000000000E9D2000 - 0x0000000000017000 (0x0000000000000008)
Split - 0xEA05000
Loading driver F74D20EE-37E7-48FC-97F7-9B1047749C69
InstallProtocolInterface: 5B1B31A1-9562-11D2-8E3F-00A0C969723B EC7F0C0
Loading driver at 0x0000EC47000 EntryPoint=0x0000EC48008 LogoDxe.efi
InstallProtocolInterface: BC62157E-3E33-4FEC-9920-2D3B36D750DF EC7FC18
InstallProtocolInterface: 6A1EE763-D47A-43B4-AABE-EF1DE2AB56FC EC48D30
ProtectUefiImageCommon - 0xEC7F0C0
  - 0x000000000EC47000 - 0x0000000000004C80
Creating Image Properties Record: 0x000000000EC47000 - 0x0000000000004C80
 Image - /builddir/build/BUILD/edk2-20251119-build/edk2-46548b1adac8/Build/OvmfX64/DEBUG_GCC/X64/MdeModulePkg/Logo/LogoDxe/DEBUG/LogoDxe.dll
!!!!!!!!  Image Section Alignment(0x40) does not match Required Alignment (0x1000)  !!!!!!!!
ProtectUefiImage failed to create image properties record
SetUefiImageMemoryAttributes - 0x000000000EC47000 - 0x0000000000005000 (0x0000000000000008)
InstallProtocolInterface: 53CD299F-2BC1-40C0-8C07-23F64FDB30E0 EC48AC0
Loading driver DCE1B094-7DC6-45D0-9FDD-D7FC3CC3E4EF
InstallProtocolInterface: 5B1B31A1-9562-11D2-8E3F-00A0C969723B EC7D440
Loading driver at 0x0000EC26000 EntryPoint=0x0000EC2887D QemuRamfbDxe.efi
InstallProtocolInterface: BC62157E-3E33-4FEC-9920-2D3B36D750DF EC7D698
ProtectUefiImageCommon - 0xEC7D440
  - 0x000000000EC26000 - 0x0000000000004740
Creating Image Properties Record: 0x000000000EC26000 - 0x0000000000004740
 Image - /builddir/build/BUILD/edk2-20251119-build/edk2-46548b1adac8/Build/OvmfX64/DEBUG_GCC/X64/OvmfPkg/QemuRamfbDxe/QemuRamfbDxe/DEBUG/QemuRamfbDxe.dll
!!!!!!!!  Image Section Alignment(0x40) does not match Required Alignment (0x1000)  !!!!!!!!
ProtectUefiImage failed to create image properties record
SetUefiImageMemoryAttributes - 0x000000000EC26000 - 0x0000000000005000 (0x0000000000000008)
Select Item: 0x0
FW CFG Signature: 0x554D4551
Select Item: 0x1
FW CFG Revision: 0x3
QemuFwCfg interface (DMA) is supported.
Select Item: 0x19
Error: Image at 0000EC26000 start failed: Not Found
EfiGetMemoryAttributes: 0xEC26000 - 0x5000
EfiGetMemoryAttributes: Attributes is 0x0
Loading driver FE5CEA76-4F72-49E8-986F-2CD899DFFE5D
InstallProtocolInterface: 5B1B31A1-9562-11D2-8E3F-00A0C969723B EC7D440
Loading driver at 0x0000EC07000 EntryPoint=0x0000EC0AB8C FaultTolerantWriteDxe.efi
InstallProtocolInterface: BC62157E-3E33-4FEC-9920-2D3B36D750DF EC7DC98
ProtectUefiImageCommon - 0xEC7D440
  - 0x000000000EC07000 - 0x0000000000005500
Creating Image Properties Record: 0x000000000EC07000 - 0x0000000000005500
 Image - /builddir/build/BUILD/edk2-20251119-build/edk2-46548b1adac8/Build/OvmfX64/DEBUG_GCC/X64/MdeModulePkg/Universal/FaultTolerantWriteDxe/FaultTolerantWriteDxe/DEBUG/FaultTolerantWriteDxe.dll
!!!!!!!!  Image Section Alignment(0x40) does not match Required Alignment (0x1000)  !!!!!!!!
ProtectUefiImage failed to create image properties record
SetUefiImageMemoryAttributes - 0x000000000EC07000 - 0x0000000000006000 (0x0000000000000008)
Ftw: FtwWorkSpaceLba - 0xF, WorkBlockSize  - 0x1000, FtwWorkSpaceBase - 0x0
Ftw: FtwSpareLba     - 0x10, SpareBlockSize - 0x1000
Ftw: NumberOfWorkBlock - 0x1, FtwWorkBlockLba - 0xF
Ftw: WorkSpaceLbaInSpare - 0x0, WorkSpaceBaseInSpare - 0x0
Ftw: Remaining work space size - FE0
InstallProtocolInterface: 3EBD9E82-2C78-4DE6-9786-8D4BFCB7C881 EC4C028
NOTICE - AuthVariableLibInitialize() returns Unsupported!
Variable driver will continue to work without auth variable support!
RecordSecureBootPolicyVarData GetVariable SecureBoot Status E
InstallProtocolInterface: 6441F818-6362-4E44-B570-7DBA31DD2453 0
Loading driver 17D0EF2A-5933-4007-8950-5749169D3DC5
InstallProtocolInterface: 5B1B31A1-9562-11D2-8E3F-00A0C969723B EC79040
Loading driver at 0x0000E9F7000 EntryPoint=0x0000E9FBC79 VariablePolicyDynamicCommand.efi
InstallProtocolInterface: BC62157E-3E33-4FEC-9920-2D3B36D750DF EC7D898
InstallProtocolInterface: 6A1EE763-D47A-43B4-AABE-EF1DE2AB56FC E9FDC70
ProtectUefiImageCommon - 0xEC79040
  - 0x000000000E9F7000 - 0x00000000000080C0
Creating Image Properties Record: 0x000000000E9F7000 - 0x00000000000080C0
 Image - /builddir/build/BUILD/edk2-20251119-build/edk2-46548b1adac8/Build/OvmfX64/DEBUG_GCC/X64/ShellPkg/DynamicCommand/VariablePolicyDynamicCommand/VariablePolicyDynamicCommand/DEBUG/VariablePolicyDynamicCommand.dll
!!!!!!!!  Image Section Alignment(0x40) does not match Required Alignment (0x1000)  !!!!!!!!
ProtectUefiImage failed to create image properties record
SetUefiImageMemoryAttributes - 0x000000000E9F7000 - 0x0000000000009000 (0x0000000000000008)
InstallProtocolInterface: 3C7200E9-005F-4EA4-87DE-A3DFAC8A27C3 E9FD7B0
Loading driver 2F30DA26-F51B-4B6F-85C4-31873C281BCA
InstallProtocolInterface: 5B1B31A1-9562-11D2-8E3F-00A0C969723B EC79440
Loading driver at 0x0000E9EF000 EntryPoint=0x0000E9F3C6C LinuxInitrdDynamicShellCommand.efi
InstallProtocolInterface: BC62157E-3E33-4FEC-9920-2D3B36D750DF EC79718
InstallProtocolInterface: 6A1EE763-D47A-43B4-AABE-EF1DE2AB56FC E9F5930
ProtectUefiImageCommon - 0xEC79440
  - 0x000000000E9EF000 - 0x0000000000007440
Creating Image Properties Record: 0x000000000E9EF000 - 0x0000000000007440
 Image - /builddir/build/BUILD/edk2-20251119-build/edk2-46548b1adac8/Build/OvmfX64/DEBUG_GCC/X64/OvmfPkg/LinuxInitrdDynamicShellCommand/LinuxInitrdDynamicShellCommand/DEBUG/LinuxInitrdDynamicShellCommand.dll
!!!!!!!!  Image Section Alignment(0x40) does not match Required Alignment (0x1000)  !!!!!!!!
ProtectUefiImage failed to create image properties record
SetUefiImageMemoryAttributes - 0x000000000E9EF000 - 0x0000000000008000 (0x0000000000000008)
InstallProtocolInterface: 3C7200E9-005F-4EA4-87DE-A3DFAC8A27C3 E9F54C0
Loading driver 378D7B65-8DA9-4773-B6E4-A47826A833E1
InstallProtocolInterface: 5B1B31A1-9562-11D2-8E3F-00A0C969723B EC25040
InsertImageRecord - 0xF4F8E18
  Image - /builddir/build/BUILD/edk2-20251119-build/edk2-46548b1adac8/Build/OvmfX64/DEBUG_GCC/X64/PcAtChipsetPkg/PcatRealTimeClockRuntimeDxe/PcatRealTimeClockRuntimeDxe/DEBUG/PcRtc.dll
Creating Image Properties Record: 0x000000000F6B9000 - 0x0000000000006000
 Image - /builddir/build/BUILD/edk2-20251119-build/edk2-46548b1adac8/Build/OvmfX64/DEBUG_GCC/X64/PcAtChipsetPkg/PcatRealTimeClockRuntimeDxe/PcatRealTimeClockRuntimeDxe/DEBUG/PcRtc.dll
  Section - '.text   '
  VirtualSize          - 0x00004000
  VirtualAddress       - 0x00001000
  SizeOfRawData        - 0x00004000
  PointerToRawData     - 0x00001000
  PointerToRelocations - 0x00000000
  PointerToLinenumbers - 0x00000000
  NumberOfRelocations  - 0x00000000
  NumberOfLinenumbers  - 0x00000000
  Characteristics      - 0x60000020
  Section - '.data   '
ImageCode SegmentCount - 0x1
ImageCode SegmentCount - 0x1
Loading driver at 0x0000F6B9000 EntryPoint=0x0000F6BC49B PcRtc.efi
InstallProtocolInterface: BC62157E-3E33-4FEC-9920-2D3B36D750DF EC25E18
ProtectUefiImageCommon - 0xEC25040
  - 0x000000000F6B9000 - 0x0000000000006000
Creating Image Properties Record: 0x000000000F6B9000 - 0x0000000000006000
 Image - /builddir/build/BUILD/edk2-20251119-build/edk2-46548b1adac8/Build/OvmfX64/DEBUG_GCC/X64/PcAtChipsetPkg/PcatRealTimeClockRuntimeDxe/PcatRealTimeClockRuntimeDxe/DEBUG/PcRtc.dll
  Section - '.text   '
  VirtualSize          - 0x00004000
  VirtualAddress       - 0x00001000
  SizeOfRawData        - 0x00004000
  PointerToRawData     - 0x00001000
  PointerToRelocations - 0x00000000
  PointerToLinenumbers - 0x00000000
  NumberOfRelocations  - 0x00000000
  NumberOfLinenumbers  - 0x00000000
  Characteristics      - 0x60000020
  Section - '.data   '
ImageCode SegmentCount - 0x1
SetUefiImageMemoryAttributes - 0x000000000F6B9000 - 0x0000000000001000 (0x0000000000004008)
ConvertPageEntryAttribute 0xF6B9063->0x800000000F6B9063
SetUefiImageMemoryAttributes - 0x000000000F6BA000 - 0x0000000000004000 (0x0000000000020008)
ConvertPageEntryAttribute 0xF6BA063->0xF6BA061
ConvertPageEntryAttribute 0xF6BB063->0xF6BB061
ConvertPageEntryAttribute 0xF6BC063->0xF6BC061
ConvertPageEntryAttribute 0xF6BD063->0xF6BD061
SetUefiImageMemoryAttributes - 0x000000000F6BE000 - 0x0000000000001000 (0x0000000000004008)
ConvertPageEntryAttribute 0xF6BE063->0x800000000F6BE063
InstallProtocolInterface: 27CFAC87-46CC-11D4-9A38-0090273FC14D 0
Loading driver F099D67F-71AE-4C36-B2A3-DCEB0EB2B7D8
InstallProtocolInterface: 5B1B31A1-9562-11D2-8E3F-00A0C969723B EC2A040
Loading driver at 0x0000EC28000 EntryPoint=0x0000EC290BD WatchdogTimer.efi
InstallProtocolInterface: BC62157E-3E33-4FEC-9920-2D3B36D750DF EC2AD18
ProtectUefiImageCommon - 0xEC2A040
  - 0x000000000EC28000 - 0x0000000000001F40
Creating Image Properties Record: 0x000000000EC28000 - 0x0000000000001F40
 Image - /builddir/build/BUILD/edk2-20251119-build/edk2-46548b1adac8/Build/OvmfX64/DEBUG_GCC/X64/MdeModulePkg/Universal/WatchdogTimerDxe/WatchdogTimer/DEBUG/WatchdogTimer.dll
!!!!!!!!  Image Section Alignment(0x40) does not match Required Alignment (0x1000)  !!!!!!!!
ProtectUefiImage failed to create image properties record
SetUefiImageMemoryAttributes - 0x000000000EC28000 - 0x0000000000002000 (0x0000000000000008)
InstallProtocolInterface: 665E3FF5-46CC-11D4-9A38-0090273FC14D EC29C90
Loading driver AD608272-D07F-4964-801E-7BD3B7888652
InstallProtocolInterface: 5B1B31A1-9562-11D2-8E3F-00A0C969723B EC2A440
InsertImageRecord - 0xF5C9518
  Image - /builddir/build/BUILD/edk2-20251119-build/edk2-46548b1adac8/Build/OvmfX64/DEBUG_GCC/X64/MdeModulePkg/Universal/MonotonicCounterRuntimeDxe/MonotonicCounterRuntimeDxe/DEBUG/MonotonicCounterRuntimeDxe.dll
Creating Image Properties Record: 0x000000000F6B5000 - 0x0000000000004000
 Image - /builddir/build/BUILD/edk2-20251119-build/edk2-46548b1adac8/Build/OvmfX64/DEBUG_GCC/X64/MdeModulePkg/Universal/MonotonicCounterRuntimeDxe/MonotonicCounterRuntimeDxe/DEBUG/MonotonicCounterRuntimeDxe.dll
  Section - '.text   '
  VirtualSize          - 0x00002000
  VirtualAddress       - 0x00001000
  SizeOfRawData        - 0x00002000
  PointerToRawData     - 0x00001000
  PointerToRelocations - 0x00000000
  PointerToLinenumbers - 0x00000000
  NumberOfRelocations  - 0x00000000
  NumberOfLinenumbers  - 0x00000000
  Characteristics      - 0x60000020
  Section - '.data   '
ImageCode SegmentCount - 0x1
ImageCode SegmentCount - 0x1
Loading driver at 0x0000F6B5000 EntryPoint=0x0000F6B6E99 MonotonicCounterRuntimeDxe.efi
InstallProtocolInterface: BC62157E-3E33-4FEC-9920-2D3B36D750DF EC2A718
ProtectUefiImageCommon - 0xEC2A440
  - 0x000000000F6B5000 - 0x0000000000004000
Creating Image Properties Record: 0x000000000F6B5000 - 0x0000000000004000
 Image - /builddir/build/BUILD/edk2-20251119-build/edk2-46548b1adac8/Build/OvmfX64/DEBUG_GCC/X64/MdeModulePkg/Universal/MonotonicCounterRuntimeDxe/MonotonicCounterRuntimeDxe/DEBUG/MonotonicCounterRuntimeDxe.dll
  Section - '.text   '
  VirtualSize          - 0x00002000
  VirtualAddress       - 0x00001000
  SizeOfRawData        - 0x00002000
  PointerToRawData     - 0x00001000
  PointerToRelocations - 0x00000000
  PointerToLinenumbers - 0x00000000
  NumberOfRelocations  - 0x00000000
  NumberOfLinenumbers  - 0x00000000
  Characteristics      - 0x60000020
  Section - '.data   '
ImageCode SegmentCount - 0x1
SetUefiImageMemoryAttributes - 0x000000000F6B5000 - 0x0000000000001000 (0x0000000000004008)
ConvertPageEntryAttribute 0xF6B5063->0x800000000F6B5063
SetUefiImageMemoryAttributes - 0x000000000F6B6000 - 0x0000000000002000 (0x0000000000020008)
ConvertPageEntryAttribute 0xF6B6063->0xF6B6061
ConvertPageEntryAttribute 0xF6B7063->0xF6B7061
SetUefiImageMemoryAttributes - 0x000000000F6B8000 - 0x0000000000001000 (0x0000000000004008)
ConvertPageEntryAttribute 0xF6B8063->0x800000000F6B8063
InstallProtocolInterface: 1DA97072-BDDC-4B30-99F1-72A0B56FFF2A 0
Loading driver 42857F0A-13F2-4B21-8A23-53D3F714B840
InstallProtocolInterface: 5B1B31A1-9562-11D2-8E3F-00A0C969723B EC2C7C0
InsertImageRecord - 0xF5C9718
  Image - /builddir/build/BUILD/edk2-20251119-build/edk2-46548b1adac8/Build/OvmfX64/DEBUG_GCC/X64/MdeModulePkg/Universal/CapsuleRuntimeDxe/CapsuleRuntimeDxe/DEBUG/CapsuleRuntimeDxe.dll
Creating Image Properties Record: 0x000000000F6B1000 - 0x0000000000004000
 Image - /builddir/build/BUILD/edk2-20251119-build/edk2-46548b1adac8/Build/OvmfX64/DEBUG_GCC/X64/MdeModulePkg/Universal/CapsuleRuntimeDxe/CapsuleRuntimeDxe/DEBUG/CapsuleRuntimeDxe.dll
  Section - '.text   '
  VirtualSize          - 0x00002000
  VirtualAddress       - 0x00001000
  SizeOfRawData        - 0x00002000
  PointerToRawData     - 0x00001000
  PointerToRelocations - 0x00000000
  PointerToLinenumbers - 0x00000000
  NumberOfRelocations  - 0x00000000
  NumberOfLinenumbers  - 0x00000000
  Characteristics      - 0x60000020
  Section - '.data   '
ImageCode SegmentCount - 0x1
ImageCode SegmentCount - 0x1
Loading driver at 0x0000F6B1000 EntryPoint=0x0000F6B3095 CapsuleRuntimeDxe.efi
InstallProtocolInterface: BC62157E-3E33-4FEC-9920-2D3B36D750DF EC2C618
ProtectUefiImageCommon - 0xEC2C7C0
  - 0x000000000F6B1000 - 0x0000000000004000
Creating Image Properties Record: 0x000000000F6B1000 - 0x0000000000004000
 Image - /builddir/build/BUILD/edk2-20251119-build/edk2-46548b1adac8/Build/OvmfX64/DEBUG_GCC/X64/MdeModulePkg/Universal/CapsuleRuntimeDxe/CapsuleRuntimeDxe/DEBUG/CapsuleRuntimeDxe.dll
  Section - '.text   '
  VirtualSize          - 0x00002000
  VirtualAddress       - 0x00001000
  SizeOfRawData        - 0x00002000
  PointerToRawData     - 0x00001000
  PointerToRelocations - 0x00000000
  PointerToLinenumbers - 0x00000000
  NumberOfRelocations  - 0x00000000
  NumberOfLinenumbers  - 0x00000000
  Characteristics      - 0x60000020
  Section - '.data   '
ImageCode SegmentCount - 0x1
SetUefiImageMemoryAttributes - 0x000000000F6B1000 - 0x0000000000001000 (0x0000000000004008)
ConvertPageEntryAttribute 0xF6B1063->0x800000000F6B1063
SetUefiImageMemoryAttributes - 0x000000000F6B2000 - 0x0000000000002000 (0x0000000000020008)
ConvertPageEntryAttribute 0xF6B2063->0xF6B2061
ConvertPageEntryAttribute 0xF6B3063->0xF6B3061
SetUefiImageMemoryAttributes - 0x000000000F6B4000 - 0x0000000000001000 (0x0000000000004008)
ConvertPageEntryAttribute 0xF6B4063->0x800000000F6B4063
InstallProtocolInterface: 5053697E-2CBC-4819-90D9-0580DEEE5754 0
Loading driver EBF8ED7C-0DD1-4787-84F1-F48D537DCACF
InstallProtocolInterface: 5B1B31A1-9562-11D2-8E3F-00A0C969723B EC2BD40
Loading driver at 0x0000E9E9000 EntryPoint=0x0000E9ECB28 DriverHealthManagerDxe.efi
InstallProtocolInterface: BC62157E-3E33-4FEC-9920-2D3B36D750DF EC2B898
ProtectUefiImageCommon - 0xEC2BD40
  - 0x000000000E9E9000 - 0x00000000000059C0
Creating Image Properties Record: 0x000000000E9E9000 - 0x00000000000059C0
 Image - /builddir/build/BUILD/edk2-20251119-build/edk2-46548b1adac8/Build/OvmfX64/DEBUG_GCC/X64/MdeModulePkg/Universal/DriverHealthManagerDxe/DriverHealthManagerDxe/DEBUG/DriverHealthManagerDxe.dll
!!!!!!!!  Image Section Alignment(0x40) does not match Required Alignment (0x1000)  !!!!!!!!
ProtectUefiImage failed to create image properties record
SetUefiImageMemoryAttributes - 0x000000000E9E9000 - 0x0000000000006000 (0x0000000000000008)
InstallProtocolInterface: 09576E91-6D3F-11D2-8E39-00A0C969723B E9EE320
InstallProtocolInterface: 330D4706-F2A0-4E4F-A369-B66FA8D54385 E9EE2F0
Loading driver 6D33944A-EC75-4855-A54D-809C75241F6C
InstallProtocolInterface: 5B1B31A1-9562-11D2-8E3F-00A0C969723B EC27040
Loading driver at 0x0000E99A000 EntryPoint=0x0000E9AF9B9 BdsDxe.efi
InstallProtocolInterface: BC62157E-3E33-4FEC-9920-2D3B36D750DF EC27318
ProtectUefiImageCommon - 0xEC27040
  - 0x000000000E99A000 - 0x000000000001BD40
Creating Image Properties Record: 0x000000000E99A000 - 0x000000000001BD40
 Image - /builddir/build/BUILD/edk2-20251119-build/edk2-46548b1adac8/Build/OvmfX64/DEBUG_GCC/X64/MdeModulePkg/Universal/BdsDxe/BdsDxe/DEBUG/BdsDxe.dll
!!!!!!!!  Image Section Alignment(0x40) does not match Required Alignment (0x1000)  !!!!!!!!
ProtectUefiImage failed to create image properties record
SetUefiImageMemoryAttributes - 0x000000000E99A000 - 0x000000000001C000 (0x0000000000000008)
Select Item: 0x0
InternalQemuFwCfgCacheReadBytes: found Item 0x0 in FwCfg Cache
FW CFG Signature: 0x554D4551
Select Item: 0x1
InternalQemuFwCfgCacheReadBytes: found Item 0x1 in FwCfg Cache
FW CFG Revision: 0x3
QemuFwCfg interface (DMA) is supported.
InstallProtocolInterface: 665E3FF6-46CC-11D4-9A38-0090273FC14D E9B58F0
Loading driver 28A03FF4-12B3-4305-A417-BB1A4F94081E
InstallProtocolInterface: 5B1B31A1-9562-11D2-8E3F-00A0C969723B EC26CC0
Loading driver at 0x0000E9BE000 EntryPoint=0x0000E9C46DF RamDiskDxe.efi
InstallProtocolInterface: BC62157E-3E33-4FEC-9920-2D3B36D750DF EC26A98
ProtectUefiImageCommon - 0xEC26CC0
  - 0x000000000E9BE000 - 0x0000000000009F00
Creating Image Properties Record: 0x000000000E9BE000 - 0x0000000000009F00
 Image - /builddir/build/BUILD/edk2-20251119-build/edk2-46548b1adac8/Build/OvmfX64/DEBUG_GCC/X64/MdeModulePkg/Universal/Disk/RamDiskDxe/RamDiskDxe/DEBUG/RamDiskDxe.dll
!!!!!!!!  Image Section Alignment(0x40) does not match Required Alignment (0x1000)  !!!!!!!!
ProtectUefiImage failed to create image properties record
SetUefiImageMemoryAttributes - 0x000000000E9BE000 - 0x000000000000A000 (0x0000000000000008)
InstallProtocolInterface: 09576E91-6D3F-11D2-8E39-00A0C969723B EC26A18
InstallProtocolInterface: 330D4706-F2A0-4E4F-A369-B66FA8D54385 E9C7B18
InstallProtocolInterface: 09576E91-6D3F-11D2-8E39-00A0C969723B E9C7BB0
InstallProtocolInterface: 330D4706-F2A0-4E4F-A369-B66FA8D54385 EC05FB0
InstallProtocolInterface: AB38A0DF-6873-44A9-87E6-D4EB56148449 E9C7880
InstallProtocolInterface: 28A03FF4-12B3-4305-A417-BB1A4F94081E EC05F98
Loading driver E660EA85-058E-4B55-A54B-F02F83A24707
InstallProtocolInterface: 5B1B31A1-9562-11D2-8E3F-00A0C969723B EC046C0
Loading driver at 0x0000E974000 EntryPoint=0x0000E981E5E DisplayEngine.efi
InstallProtocolInterface: BC62157E-3E33-4FEC-9920-2D3B36D750DF EC04B98
ProtectUefiImageCommon - 0xEC046C0
  - 0x000000000E974000 - 0x0000000000012F80
Creating Image Properties Record: 0x000000000E974000 - 0x0000000000012F80
 Image - /builddir/build/BUILD/edk2-20251119-build/edk2-46548b1adac8/Build/OvmfX64/DEBUG_GCC/X64/MdeModulePkg/Universal/DisplayEngineDxe/DisplayEngineDxe/DEBUG/DisplayEngine.dll
!!!!!!!!  Image Section Alignment(0x40) does not match Required Alignment (0x1000)  !!!!!!!!
ProtectUefiImage failed to create image properties record
SetUefiImageMemoryAttributes - 0x000000000E974000 - 0x0000000000013000 (0x0000000000000008)
InstallProtocolInterface: 9BBE29E9-FDA1-41EC-AD52-452213742D2E E985310
InstallProtocolInterface: 4311EDC0-6054-46D4-9E40-893EA952FCCC E985328
Loading driver 4110465D-5FF3-4F4B-B580-24ED0D06747A
InstallProtocolInterface: 5B1B31A1-9562-11D2-8E3F-00A0C969723B EC001C0
Loading driver at 0x0000E9C8000 EntryPoint=0x0000E9C9FF5 SmbiosPlatformDxe.efi
InstallProtocolInterface: BC62157E-3E33-4FEC-9920-2D3B36D750DF EC00918
ProtectUefiImageCommon - 0xEC001C0
  - 0x000000000E9C8000 - 0x0000000000003900
Creating Image Properties Record: 0x000000000E9C8000 - 0x0000000000003900
 Image - /builddir/build/BUILD/edk2-20251119-build/edk2-46548b1adac8/Build/OvmfX64/DEBUG_GCC/X64/OvmfPkg/SmbiosPlatformDxe/SmbiosPlatformDxe/DEBUG/SmbiosPlatformDxe.dll
!!!!!!!!  Image Section Alignment(0x40) does not match Required Alignment (0x1000)  !!!!!!!!
ProtectUefiImage failed to create image properties record
SetUefiImageMemoryAttributes - 0x000000000E9C8000 - 0x0000000000004000 (0x0000000000000008)
Select Item: 0x0
InternalQemuFwCfgCacheReadBytes: found Item 0x0 in FwCfg Cache
FW CFG Signature: 0x554D4551
Select Item: 0x1
InternalQemuFwCfgCacheReadBytes: found Item 0x1 in FwCfg Cache
FW CFG Revision: 0x3
QemuFwCfg interface (DMA) is supported.
Select Item: 0x19
InternalQemuFwCfgCacheReadBytes: found Item 0x19 in FwCfg Cache
InternalQemuFwCfgCacheReadBytes: found Item 0x19 in FwCfg Cache
InternalQemuFwCfgCacheReadBytes: found Item 0x19 in FwCfg Cache
InternalQemuFwCfgCacheReadBytes: found Item 0x19 in FwCfg Cache
InternalQemuFwCfgCacheReadBytes: found Item 0x19 in FwCfg Cache
InternalQemuFwCfgCacheReadBytes: found Item 0x19 in FwCfg Cache
InternalQemuFwCfgCacheReadBytes: found Item 0x19 in FwCfg Cache
InternalQemuFwCfgCacheReadBytes: found Item 0x19 in FwCfg Cache
InternalQemuFwCfgCacheReadBytes: found Item 0x19 in FwCfg Cache
InternalQemuFwCfgCacheReadBytes: found Item 0x19 in FwCfg Cache
InternalQemuFwCfgCacheReadBytes: found Item 0x19 in FwCfg Cache
InternalQemuFwCfgCacheReadBytes: found Item 0x19 in FwCfg Cache
InternalQemuFwCfgCacheReadBytes: found Item 0x19 in FwCfg Cache
InternalQemuFwCfgCacheReadBytes: found Item 0x19 in FwCfg Cache
InternalQemuFwCfgCacheReadBytes: found Item 0x19 in FwCfg Cache
InternalQemuFwCfgCacheReadBytes: found Item 0x19 in FwCfg Cache
InternalQemuFwCfgCacheReadBytes: found Item 0x19 in FwCfg Cache
InternalQemuFwCfgCacheReadBytes: found Item 0x19 in FwCfg Cache
InternalQemuFwCfgCacheReadBytes: found Item 0x19 in FwCfg Cache
InternalQemuFwCfgCacheReadBytes: found Item 0x19 in FwCfg Cache
InternalQemuFwCfgCacheReadBytes: found Item 0x19 in FwCfg Cache
InternalQemuFwCfgCacheReadBytes: found Item 0x19 in FwCfg Cache
InternalQemuFwCfgCacheReadBytes: found Item 0x19 in FwCfg Cache
InternalQemuFwCfgCacheReadBytes: found Item 0x19 in FwCfg Cache
InternalQemuFwCfgCacheReadBytes: found Item 0x19 in FwCfg Cache
InternalQemuFwCfgCacheReadBytes: found Item 0x19 in FwCfg Cache
InternalQemuFwCfgCacheReadBytes: found Item 0x19 in FwCfg Cache
InternalQemuFwCfgCacheReadBytes: found Item 0x19 in FwCfg Cache
InternalQemuFwCfgCacheReadBytes: found Item 0x19 in FwCfg Cache
InternalQemuFwCfgCacheReadBytes: found Item 0x19 in FwCfg Cache
InternalQemuFwCfgCacheReadBytes: found Item 0x19 in FwCfg Cache
InternalQemuFwCfgCacheReadBytes: found Item 0x19 in FwCfg Cache
InternalQemuFwCfgCacheReadBytes: found Item 0x19 in FwCfg Cache
Select Item: 0x27
SmbiosAdd: Smbios type 1 with size 0x4C is added to 32-bit table
SmbiosCreateTable: Initialize 32-bit entry point structure
SmbiosCreateTable() re-allocate SMBIOS 32-bit table
SmbiosAdd: Smbios type 3 with size 0x28 is added to 32-bit table
SmbiosAdd: Smbios type 4 with size 0x42 is added to 32-bit table
SmbiosAdd: Smbios type 16 with size 0x19 is added to 32-bit table
SmbiosAdd: Smbios type 17 with size 0x35 is added to 32-bit table
SmbiosAdd: Smbios type 19 with size 0x21 is added to 32-bit table
SmbiosAdd: Smbios type 32 with size 0xD is added to 32-bit table
FirmwareVendor:            "EDK II" (6 chars)
FirmwareVersionString:     "edk2-20251119-3.fc43" (20 chars)
FirmwareReleaseDateString: "11/19/2025" (10 chars)
SmbiosAdd: Smbios type 0 with size 0x42 is added to 32-bit table
Loading driver D9DCC5DF-4007-435E-9098-8970935504B2
InstallProtocolInterface: 5B1B31A1-9562-11D2-8E3F-00A0C969723B E9CF340
Loading driver at 0x0000E993000 EntryPoint=0x0000E996E69 PlatformDxe.efi
InstallProtocolInterface: BC62157E-3E33-4FEC-9920-2D3B36D750DF E9CF018
ProtectUefiImageCommon - 0xE9CF340
  - 0x000000000E993000 - 0x0000000000006640
Creating Image Properties Record: 0x000000000E993000 - 0x0000000000006640
 Image - /builddir/build/BUILD/edk2-20251119-build/edk2-46548b1adac8/Build/OvmfX64/DEBUG_GCC/X64/OvmfPkg/PlatformDxe/Platform/DEBUG/PlatformDxe.dll
!!!!!!!!  Image Section Alignment(0x40) does not match Required Alignment (0x1000)  !!!!!!!!
ProtectUefiImage failed to create image properties record
SetUefiImageMemoryAttributes - 0x000000000E993000 - 0x0000000000007000 (0x0000000000000008)
Select Item: 0x0
InternalQemuFwCfgCacheReadBytes: found Item 0x0 in FwCfg Cache
FW CFG Signature: 0x554D4551
Select Item: 0x1
InternalQemuFwCfgCacheReadBytes: found Item 0x1 in FwCfg Cache
FW CFG Revision: 0x3
QemuFwCfg interface (DMA) is supported.
ExecutePlatformConfig: failed to load platform config: Not Found
InstallProtocolInterface: 09576E91-6D3F-11D2-8E39-00A0C969723B E999310
InstallProtocolInterface: 330D4706-F2A0-4E4F-A369-B66FA8D54385 E999410
PageFaultInit: no NX protection in this build.
Loading driver 93B80004-9FB3-11D4-9A3A-0090273FC14D
InstallProtocolInterface: 5B1B31A1-9562-11D2-8E3F-00A0C969723B E9CE1C0
Loading driver at 0x0000E956000 EntryPoint=0x0000E9626AB PciBusDxe.efi
InstallProtocolInterface: BC62157E-3E33-4FEC-9920-2D3B36D750DF E9CE418
ProtectUefiImageCommon - 0xE9CE1C0
  - 0x000000000E956000 - 0x000000000000E900
Creating Image Properties Record: 0x000000000E956000 - 0x000000000000E900
 Image - /builddir/build/BUILD/edk2-20251119-build/edk2-46548b1adac8/Build/OvmfX64/DEBUG_GCC/X64/MdeModulePkg/Bus/Pci/PciBusDxe/PciBusDxe/DEBUG/PciBusDxe.dll
!!!!!!!!  Image Section Alignment(0x40) does not match Required Alignment (0x1000)  !!!!!!!!
ProtectUefiImage failed to create image properties record
SetUefiImageMemoryAttributes - 0x000000000E956000 - 0x000000000000F000 (0x0000000000000008)
InstallProtocolInterface: 18A031AB-B443-4D1A-A5C0-0C09261E9F71 E9643A0
InstallProtocolInterface: 107A772C-D5E1-11D4-9A46-0090273FC14D E964280
InstallProtocolInterface: 6A7A5CFF-E8D9-4F70-BADA-75AB3025CE14 E964530
InstallProtocolInterface: 19CB87AB-2CB9-4665-8360-DDCF6054F79D E964510
Loading driver 83DD3B39-7CAF-4FAC-A542-E050B767E3A7
InstallProtocolInterface: 5B1B31A1-9562-11D2-8E3F-00A0C969723B E9CD1C0
Loading driver at 0x0000E9B8000 EntryPoint=0x0000E9B9CA8 VirtioPciDeviceDxe.efi
InstallProtocolInterface: BC62157E-3E33-4FEC-9920-2D3B36D750DF E9CD518
ProtectUefiImageCommon - 0xE9CD1C0
  - 0x000000000E9B8000 - 0x0000000000002EC0
Creating Image Properties Record: 0x000000000E9B8000 - 0x0000000000002EC0
 Image - /builddir/build/BUILD/edk2-20251119-build/edk2-46548b1adac8/Build/OvmfX64/DEBUG_GCC/X64/OvmfPkg/VirtioPciDeviceDxe/VirtioPciDeviceDxe/DEBUG/VirtioPciDeviceDxe.dll
!!!!!!!!  Image Section Alignment(0x40) does not match Required Alignment (0x1000)  !!!!!!!!
ProtectUefiImage failed to create image properties record
SetUefiImageMemoryAttributes - 0x000000000E9B8000 - 0x0000000000003000 (0x0000000000000008)
InstallProtocolInterface: 18A031AB-B443-4D1A-A5C0-0C09261E9F71 E9BAB60
InstallProtocolInterface: 107A772C-D5E1-11D4-9A46-0090273FC14D E9BABC0
InstallProtocolInterface: 6A7A5CFF-E8D9-4F70-BADA-75AB3025CE14 E9BAB40
Loading driver 0170F60C-1D40-4651-956D-F0BD9879D527
InstallProtocolInterface: 5B1B31A1-9562-11D2-8E3F-00A0C969723B E9CCCC0
Loading driver at 0x0000E989000 EntryPoint=0x0000E98C364 Virtio10.efi
InstallProtocolInterface: BC62157E-3E33-4FEC-9920-2D3B36D750DF E9CCB18
ProtectUefiImageCommon - 0xE9CCCC0
  - 0x000000000E989000 - 0x00000000000048C0
Creating Image Properties Record: 0x000000000E989000 - 0x00000000000048C0
 Image - /builddir/build/BUILD/edk2-20251119-build/edk2-46548b1adac8/Build/OvmfX64/DEBUG_GCC/X64/OvmfPkg/Virtio10Dxe/Virtio10/DEBUG/Virtio10.dll
!!!!!!!!  Image Section Alignment(0x40) does not match Required Alignment (0x1000)  !!!!!!!!
ProtectUefiImage failed to create image properties record
SetUefiImageMemoryAttributes - 0x000000000E989000 - 0x0000000000005000 (0x0000000000000008)
InstallProtocolInterface: 18A031AB-B443-4D1A-A5C0-0C09261E9F71 E98D5A0
InstallProtocolInterface: 107A772C-D5E1-11D4-9A46-0090273FC14D E98D600
InstallProtocolInterface: 6A7A5CFF-E8D9-4F70-BADA-75AB3025CE14 E98D580
Loading driver 11D92DFB-3CA9-4F93-BA2E-4780ED3E03B5
InstallProtocolInterface: 5B1B31A1-9562-11D2-8E3F-00A0C969723B E9CC3C0
Loading driver at 0x0000E970000 EntryPoint=0x0000E972262 VirtioBlkDxe.efi
InstallProtocolInterface: BC62157E-3E33-4FEC-9920-2D3B36D750DF E9CC218
ProtectUefiImageCommon - 0xE9CC3C0
  - 0x000000000E970000 - 0x0000000000003400
Creating Image Properties Record: 0x000000000E970000 - 0x0000000000003400
 Image - /builddir/build/BUILD/edk2-20251119-build/edk2-46548b1adac8/Build/OvmfX64/DEBUG_GCC/X64/OvmfPkg/VirtioBlkDxe/VirtioBlk/DEBUG/VirtioBlkDxe.dll
!!!!!!!!  Image Section Alignment(0x40) does not match Required Alignment (0x1000)  !!!!!!!!
ProtectUefiImage failed to create image properties record
SetUefiImageMemoryAttributes - 0x000000000E970000 - 0x0000000000004000 (0x0000000000000008)
InstallProtocolInterface: 18A031AB-B443-4D1A-A5C0-0C09261E9F71 E973160
InstallProtocolInterface: 107A772C-D5E1-11D4-9A46-0090273FC14D E9731C0
InstallProtocolInterface: 6A7A5CFF-E8D9-4F70-BADA-75AB3025CE14 E973140
Loading driver FAB5D4F4-83C0-4AAF-8480-442D11DF6CEA
InstallProtocolInterface: 5B1B31A1-9562-11D2-8E3F-00A0C969723B E9BDCC0
Loading driver at 0x0000E96C000 EntryPoint=0x0000E96E7F1 VirtioScsiDxe.efi
InstallProtocolInterface: BC62157E-3E33-4FEC-9920-2D3B36D750DF E9BD898
ProtectUefiImageCommon - 0xE9BDCC0
  - 0x000000000E96C000 - 0x0000000000003980
Creating Image Properties Record: 0x000000000E96C000 - 0x0000000000003980
 Image - /builddir/build/BUILD/edk2-20251119-build/edk2-46548b1adac8/Build/OvmfX64/DEBUG_GCC/X64/OvmfPkg/VirtioScsiDxe/VirtioScsi/DEBUG/VirtioScsiDxe.dll
!!!!!!!!  Image Section Alignment(0x40) does not match Required Alignment (0x1000)  !!!!!!!!
ProtectUefiImage failed to create image properties record
SetUefiImageMemoryAttributes - 0x000000000E96C000 - 0x0000000000004000 (0x0000000000000008)
InstallProtocolInterface: 18A031AB-B443-4D1A-A5C0-0C09261E9F71 E96F6E0
InstallProtocolInterface: 107A772C-D5E1-11D4-9A46-0090273FC14D E96F740
InstallProtocolInterface: 6A7A5CFF-E8D9-4F70-BADA-75AB3025CE14 E96F6C0
Loading driver 23CACE14-EBA4-49F6-9681-C697FF0B649E
InstallProtocolInterface: 5B1B31A1-9562-11D2-8E3F-00A0C969723B E9BD3C0
Loading driver at 0x0000E967000 EntryPoint=0x0000E96A114 VirtioSerialDxe.efi
InstallProtocolInterface: BC62157E-3E33-4FEC-9920-2D3B36D750DF E9BD718
ProtectUefiImageCommon - 0xE9BD3C0
  - 0x000000000E967000 - 0x0000000000004A00
Creating Image Properties Record: 0x000000000E967000 - 0x0000000000004A00
 Image - /builddir/build/BUILD/edk2-20251119-build/edk2-46548b1adac8/Build/OvmfX64/DEBUG_GCC/X64/OvmfPkg/VirtioSerialDxe/VirtioSerial/DEBUG/VirtioSerialDxe.dll
!!!!!!!!  Image Section Alignment(0x40) does not match Required Alignment (0x1000)  !!!!!!!!
ProtectUefiImage failed to create image properties record
SetUefiImageMemoryAttributes - 0x000000000E967000 - 0x0000000000005000 (0x0000000000000008)
InstallProtocolInterface: 18A031AB-B443-4D1A-A5C0-0C09261E9F71 E96B660
InstallProtocolInterface: 107A772C-D5E1-11D4-9A46-0090273FC14D E96B700
InstallProtocolInterface: 6A7A5CFF-E8D9-4F70-BADA-75AB3025CE14 E96B640
Loading driver F141B1E5-9C7C-44CC-AFAA-E87D7689B113
InstallProtocolInterface: 5B1B31A1-9562-11D2-8E3F-00A0C969723B E9BC0C0
Loading driver at 0x0000E951000 EntryPoint=0x0000E953874 VirtioKeyboardDxe.efi
InstallProtocolInterface: BC62157E-3E33-4FEC-9920-2D3B36D750DF E9BCB98
ProtectUefiImageCommon - 0xE9BC0C0
  - 0x000000000E951000 - 0x0000000000004080
Creating Image Properties Record: 0x000000000E951000 - 0x0000000000004080
 Image - /builddir/build/BUILD/edk2-20251119-build/edk2-46548b1adac8/Build/OvmfX64/DEBUG_GCC/X64/OvmfPkg/VirtioKeyboardDxe/VirtioKeyboard/DEBUG/VirtioKeyboardDxe.dll
!!!!!!!!  Image Section Alignment(0x40) does not match Required Alignment (0x1000)  !!!!!!!!
ProtectUefiImage failed to create image properties record
SetUefiImageMemoryAttributes - 0x000000000E951000 - 0x0000000000005000 (0x0000000000000008)
Virtio keyboard has been loaded.......................
InstallProtocolInterface: 18A031AB-B443-4D1A-A5C0-0C09261E9F71 E954D60
InstallProtocolInterface: 107A772C-D5E1-11D4-9A46-0090273FC14D E954DE0
InstallProtocolInterface: 6A7A5CFF-E8D9-4F70-BADA-75AB3025CE14 E954D40
Loading driver 51CCF399-4FDF-4E55-A45B-E123F84D456A
InstallProtocolInterface: 5B1B31A1-9562-11D2-8E3F-00A0C969723B E9BC440
Loading driver at 0x0000E94D000 EntryPoint=0x0000E94F70C ConPlatformDxe.efi
InstallProtocolInterface: BC62157E-3E33-4FEC-9920-2D3B36D750DF E9BBF18
ProtectUefiImageCommon - 0xE9BC440
  - 0x000000000E94D000 - 0x0000000000003CC0
Creating Image Properties Record: 0x000000000E94D000 - 0x0000000000003CC0
 Image - /builddir/build/BUILD/edk2-20251119-build/edk2-46548b1adac8/Build/OvmfX64/DEBUG_GCC/X64/MdeModulePkg/Universal/Console/ConPlatformDxe/ConPlatformDxe/DEBUG/ConPlatformDxe.dll
!!!!!!!!  Image Section Alignment(0x40) does not match Required Alignment (0x1000)  !!!!!!!!
ProtectUefiImage failed to create image properties record
SetUefiImageMemoryAttributes - 0x000000000E94D000 - 0x0000000000004000 (0x0000000000000008)
InstallProtocolInterface: 18A031AB-B443-4D1A-A5C0-0C09261E9F71 E950900
InstallProtocolInterface: 107A772C-D5E1-11D4-9A46-0090273FC14D E950A40
InstallProtocolInterface: 6A7A5CFF-E8D9-4F70-BADA-75AB3025CE14 E950930
InstallProtocolInterface: 18A031AB-B443-4D1A-A5C0-0C09261E9F71 E9508C0
InstallProtocolInterface: 107A772C-D5E1-11D4-9A46-0090273FC14D E950A40
InstallProtocolInterface: 6A7A5CFF-E8D9-4F70-BADA-75AB3025CE14 E950930
Loading driver 408EDCEC-CF6D-477C-A5A8-B4844E3DE281
InstallProtocolInterface: 5B1B31A1-9562-11D2-8E3F-00A0C969723B E9BB140
Loading driver at 0x0000E93F000 EntryPoint=0x0000E943F42 ConSplitterDxe.efi
InstallProtocolInterface: BC62157E-3E33-4FEC-9920-2D3B36D750DF E9BB698
ProtectUefiImageCommon - 0xE9BB140
  - 0x000000000E93F000 - 0x0000000000006FC0
Creating Image Properties Record: 0x000000000E93F000 - 0x0000000000006FC0
 Image - /builddir/build/BUILD/edk2-20251119-build/edk2-46548b1adac8/Build/OvmfX64/DEBUG_GCC/X64/MdeModulePkg/Universal/Console/ConSplitterDxe/ConSplitterDxe/DEBUG/ConSplitterDxe.dll
!!!!!!!!  Image Section Alignment(0x40) does not match Required Alignment (0x1000)  !!!!!!!!
ProtectUefiImage failed to create image properties record
SetUefiImageMemoryAttributes - 0x000000000E93F000 - 0x0000000000007000 (0x0000000000000008)
InstallProtocolInterface: 18A031AB-B443-4D1A-A5C0-0C09261E9F71 E945C00
InstallProtocolInterface: 107A772C-D5E1-11D4-9A46-0090273FC14D E945CE0
InstallProtocolInterface: 6A7A5CFF-E8D9-4F70-BADA-75AB3025CE14 E9455A0
InstallProtocolInterface: 18A031AB-B443-4D1A-A5C0-0C09261E9F71 E945B80
InstallProtocolInterface: 107A772C-D5E1-11D4-9A46-0090273FC14D E945CC0
InstallProtocolInterface: 6A7A5CFF-E8D9-4F70-BADA-75AB3025CE14 E945580
InstallProtocolInterface: 18A031AB-B443-4D1A-A5C0-0C09261E9F71 E945B00
InstallProtocolInterface: 107A772C-D5E1-11D4-9A46-0090273FC14D E945CA0
InstallProtocolInterface: 6A7A5CFF-E8D9-4F70-BADA-75AB3025CE14 E945560
InstallProtocolInterface: 18A031AB-B443-4D1A-A5C0-0C09261E9F71 E945A80
InstallProtocolInterface: 107A772C-D5E1-11D4-9A46-0090273FC14D E945C80
InstallProtocolInterface: 6A7A5CFF-E8D9-4F70-BADA-75AB3025CE14 E945540
InstallProtocolInterface: 18A031AB-B443-4D1A-A5C0-0C09261E9F71 E945A00
InstallProtocolInterface: 107A772C-D5E1-11D4-9A46-0090273FC14D E945C60
InstallProtocolInterface: 6A7A5CFF-E8D9-4F70-BADA-75AB3025CE14 E945520
InstallProtocolInterface: 387477C1-69C7-11D2-8E39-00A0C969723B E945830
InstallProtocolInterface: DD9E7534-7762-4698-8C14-F58517A625AA E945860
InstallProtocolInterface: 31878C87-0B75-11D5-9A4F-0090273FC14D E9458D0
InstallProtocolInterface: 8D59D32B-C655-4AE9-9B15-F25904992A43 E945928
InstallProtocolInterface: 387477C2-69C7-11D2-8E39-00A0C969723B E945730
InstallProtocolInterface: 387477C2-69C7-11D2-8E39-00A0C969723B E945650
Loading driver CCCB0C28-4B24-11D5-9A5A-0090273FC14D
InstallProtocolInterface: 5B1B31A1-9562-11D2-8E3F-00A0C969723B E991140
Loading driver at 0x0000E939000 EntryPoint=0x0000E93BAE5 GraphicsConsoleDxe.efi
InstallProtocolInterface: BC62157E-3E33-4FEC-9920-2D3B36D750DF E991B18
ProtectUefiImageCommon - 0xE991140
  - 0x000000000E939000 - 0x00000000000056C0
Creating Image Properties Record: 0x000000000E939000 - 0x00000000000056C0
 Image - /builddir/build/BUILD/edk2-20251119-build/edk2-46548b1adac8/Build/OvmfX64/DEBUG_GCC/X64/MdeModulePkg/Universal/Console/GraphicsConsoleDxe/GraphicsConsoleDxe/DEBUG/GraphicsConsoleDxe.dll
!!!!!!!!  Image Section Alignment(0x40) does not match Required Alignment (0x1000)  !!!!!!!!
ProtectUefiImage failed to create image properties record
SetUefiImageMemoryAttributes - 0x000000000E939000 - 0x0000000000006000 (0x0000000000000008)
InstallProtocolInterface: 18A031AB-B443-4D1A-A5C0-0C09261E9F71 E93CCA0
InstallProtocolInterface: 107A772C-D5E1-11D4-9A46-0090273FC14D E93E440
InstallProtocolInterface: 6A7A5CFF-E8D9-4F70-BADA-75AB3025CE14 E93CC70
Loading driver 9E863906-A40F-4875-977F-5B93FF237FC6
InstallProtocolInterface: 5B1B31A1-9562-11D2-8E3F-00A0C969723B E990040
Loading driver at 0x0000E929000 EntryPoint=0x0000E92E924 TerminalDxe.efi
InstallProtocolInterface: BC62157E-3E33-4FEC-9920-2D3B36D750DF E990D18
ProtectUefiImageCommon - 0xE990040
  - 0x000000000E929000 - 0x0000000000007980
Creating Image Properties Record: 0x000000000E929000 - 0x0000000000007980
 Image - /builddir/build/BUILD/edk2-20251119-build/edk2-46548b1adac8/Build/OvmfX64/DEBUG_GCC/X64/MdeModulePkg/Universal/Console/TerminalDxe/TerminalDxe/DEBUG/TerminalDxe.dll
!!!!!!!!  Image Section Alignment(0x40) does not match Required Alignment (0x1000)  !!!!!!!!
ProtectUefiImage failed to create image properties record
SetUefiImageMemoryAttributes - 0x000000000E929000 - 0x0000000000008000 (0x0000000000000008)
InstallProtocolInterface: 18A031AB-B443-4D1A-A5C0-0C09261E9F71 E930680
InstallProtocolInterface: 107A772C-D5E1-11D4-9A46-0090273FC14D E9306E0
InstallProtocolInterface: 6A7A5CFF-E8D9-4F70-BADA-75AB3025CE14 E9303D0
Loading driver 806040CA-DAD9-4978-A3B4-2D2AB0C8A48F
InstallProtocolInterface: 5B1B31A1-9562-11D2-8E3F-00A0C969723B E990AC0
Loading driver at 0x0000E934000 EntryPoint=0x0000E936B44 QemuKernelLoaderFsDxe.efi
InstallProtocolInterface: BC62157E-3E33-4FEC-9920-2D3B36D750DF E990998
ProtectUefiImageCommon - 0xE990AC0
  - 0x000000000E934000 - 0x0000000000004EC0
Creating Image Properties Record: 0x000000000E934000 - 0x0000000000004EC0
 Image - /builddir/build/BUILD/edk2-20251119-build/edk2-46548b1adac8/Build/OvmfX64/DEBUG_GCC/X64/OvmfPkg/QemuKernelLoaderFsDxe/QemuKernelLoaderFsDxe/DEBUG/QemuKernelLoaderFsDxe.dll
!!!!!!!!  Image Section Alignment(0x40) does not match Required Alignment (0x1000)  !!!!!!!!
ProtectUefiImage failed to create image properties record
SetUefiImageMemoryAttributes - 0x000000000E934000 - 0x0000000000005000 (0x0000000000000008)
Select Item: 0x0
InternalQemuFwCfgCacheReadBytes: found Item 0x0 in FwCfg Cache
FW CFG Signature: 0x554D4551
Select Item: 0x1
InternalQemuFwCfgCacheReadBytes: found Item 0x1 in FwCfg Cache
FW CFG Revision: 0x3
QemuFwCfg interface (DMA) is supported.
QemuKernelLoaderFsDxeEntrypoint: igvm blobs
QemuKernelLoaderFsDxeEntrypoint: named blobs (etc/boot/*)
Select Item: 0x19
InternalQemuFwCfgCacheReadBytes: found Item 0x19 in FwCfg Cache
InternalQemuFwCfgCacheReadBytes: found Item 0x19 in FwCfg Cache
QemuKernelLoaderFsDxeEntrypoint: traditional blobs
Select Item: 0x17
Select Item: 0x8
Select Item: 0xB
Select Item: 0x14
QemuKernelLoaderFsDxeEntrypoint: no kernel and no named blobs present -> quit
Error: Image at 0000E934000 start failed: Not Found
EfiGetMemoryAttributes: 0xE934000 - 0x5000
EfiGetMemoryAttributes: Attributes is 0x0
Loading driver 6B38F7B4-AD98-40E9-9093-ACA2B5A253C4
InstallProtocolInterface: 5B1B31A1-9562-11D2-8E3F-00A0C969723B E990AC0
Loading driver at 0x0000E934000 EntryPoint=0x0000E936DE7 DiskIoDxe.efi
InstallProtocolInterface: BC62157E-3E33-4FEC-9920-2D3B36D750DF E990698
ProtectUefiImageCommon - 0xE990AC0
  - 0x000000000E934000 - 0x0000000000004480
Creating Image Properties Record: 0x000000000E934000 - 0x0000000000004480
 Image - /builddir/build/BUILD/edk2-20251119-build/edk2-46548b1adac8/Build/OvmfX64/DEBUG_GCC/X64/MdeModulePkg/Universal/Disk/DiskIoDxe/DiskIoDxe/DEBUG/DiskIoDxe.dll
!!!!!!!!  Image Section Alignment(0x40) does not match Required Alignment (0x1000)  !!!!!!!!
ProtectUefiImage failed to create image properties record
SetUefiImageMemoryAttributes - 0x000000000E934000 - 0x0000000000005000 (0x0000000000000008)
InstallProtocolInterface: 18A031AB-B443-4D1A-A5C0-0C09261E9F71 E938120
InstallProtocolInterface: 107A772C-D5E1-11D4-9A46-0090273FC14D E938240
InstallProtocolInterface: 6A7A5CFF-E8D9-4F70-BADA-75AB3025CE14 E938100
Loading driver 1FA1F39E-FEFF-4AAE-BD7B-38A070A3B609
InstallProtocolInterface: 5B1B31A1-9562-11D2-8E3F-00A0C969723B E98F040
Loading driver at 0x0000E922000 EntryPoint=0x0000E926854 PartitionDxe.efi
InstallProtocolInterface: BC62157E-3E33-4FEC-9920-2D3B36D750DF E98FE18
ProtectUefiImageCommon - 0xE98F040
  - 0x000000000E922000 - 0x0000000000006140
Creating Image Properties Record: 0x000000000E922000 - 0x0000000000006140
 Image - /builddir/build/BUILD/edk2-20251119-build/edk2-46548b1adac8/Build/OvmfX64/DEBUG_GCC/X64/MdeModulePkg/Universal/Disk/PartitionDxe/PartitionDxe/DEBUG/PartitionDxe.dll
!!!!!!!!  Image Section Alignment(0x40) does not match Required Alignment (0x1000)  !!!!!!!!
ProtectUefiImage failed to create image properties record
SetUefiImageMemoryAttributes - 0x000000000E922000 - 0x0000000000007000 (0x0000000000000008)
InstallProtocolInterface: 18A031AB-B443-4D1A-A5C0-0C09261E9F71 E927DE0
InstallProtocolInterface: 107A772C-D5E1-11D4-9A46-0090273FC14D E927EE0
InstallProtocolInterface: 6A7A5CFF-E8D9-4F70-BADA-75AB3025CE14 E927DC0
Loading driver CD3BAFB6-50FB-4FE8-8E4E-AB74D2C1A600
InstallProtocolInterface: 5B1B31A1-9562-11D2-8E3F-00A0C969723B E98F340
Loading driver at 0x0000E947000 EntryPoint=0x0000E948288 EnglishDxe.efi
InstallProtocolInterface: BC62157E-3E33-4FEC-9920-2D3B36D750DF E98FA98
ProtectUefiImageCommon - 0xE98F340
  - 0x000000000E947000 - 0x0000000000002240
Creating Image Properties Record: 0x000000000E947000 - 0x0000000000002240
 Image - /builddir/build/BUILD/edk2-20251119-build/edk2-46548b1adac8/Build/OvmfX64/DEBUG_GCC/X64/MdeModulePkg/Universal/Disk/UnicodeCollation/EnglishDxe/EnglishDxe/DEBUG/EnglishDxe.dll
!!!!!!!!  Image Section Alignment(0x40) does not match Required Alignment (0x1000)  !!!!!!!!
ProtectUefiImage failed to create image properties record
SetUefiImageMemoryAttributes - 0x000000000E947000 - 0x0000000000003000 (0x0000000000000008)
InstallProtocolInterface: A4C751FC-23AE-4C3E-92E9-4964CF63F349 E948CC0
Loading driver 0167CCC4-D0F7-4F21-A3EF-9E64B7CDCE8B
InstallProtocolInterface: 5B1B31A1-9562-11D2-8E3F-00A0C969723B E98EC40
Loading driver at 0x0000E91A000 EntryPoint=0x0000E91CAC4 ScsiBus.efi
InstallProtocolInterface: BC62157E-3E33-4FEC-9920-2D3B36D750DF E98EA98
ProtectUefiImageCommon - 0xE98EC40
  - 0x000000000E91A000 - 0x0000000000003D40
Creating Image Properties Record: 0x000000000E91A000 - 0x0000000000003D40
 Image - /builddir/build/BUILD/edk2-20251119-build/edk2-46548b1adac8/Build/OvmfX64/DEBUG_GCC/X64/MdeModulePkg/Bus/Scsi/ScsiBusDxe/ScsiBusDxe/DEBUG/ScsiBus.dll
!!!!!!!!  Image Section Alignment(0x40) does not match Required Alignment (0x1000)  !!!!!!!!
ProtectUefiImage failed to create image properties record
SetUefiImageMemoryAttributes - 0x000000000E91A000 - 0x0000000000004000 (0x0000000000000008)
InstallProtocolInterface: 18A031AB-B443-4D1A-A5C0-0C09261E9F71 E91DA80
InstallProtocolInterface: 107A772C-D5E1-11D4-9A46-0090273FC14D E91DB20
InstallProtocolInterface: 6A7A5CFF-E8D9-4F70-BADA-75AB3025CE14 E91DA60
Loading driver 0A66E322-3740-4CCE-AD62-BD172CECCA35
InstallProtocolInterface: 5B1B31A1-9562-11D2-8E3F-00A0C969723B E98E1C0
Loading driver at 0x0000E906000 EntryPoint=0x0000E90E09D ScsiDisk.efi
InstallProtocolInterface: BC62157E-3E33-4FEC-9920-2D3B36D750DF E98E498
ProtectUefiImageCommon - 0xE98E1C0
  - 0x000000000E906000 - 0x00000000000099C0
Creating Image Properties Record: 0x000000000E906000 - 0x00000000000099C0
 Image - /builddir/build/BUILD/edk2-20251119-build/edk2-46548b1adac8/Build/OvmfX64/DEBUG_GCC/X64/MdeModulePkg/Bus/Scsi/ScsiDiskDxe/ScsiDiskDxe/DEBUG/ScsiDisk.dll
!!!!!!!!  Image Section Alignment(0x40) does not match Required Alignment (0x1000)  !!!!!!!!
ProtectUefiImage failed to create image properties record
SetUefiImageMemoryAttributes - 0x000000000E906000 - 0x000000000000A000 (0x0000000000000008)
InstallProtocolInterface: 18A031AB-B443-4D1A-A5C0-0C09261E9F71 E90F720
InstallProtocolInterface: 107A772C-D5E1-11D4-9A46-0090273FC14D E90F780
InstallProtocolInterface: 6A7A5CFF-E8D9-4F70-BADA-75AB3025CE14 E90F6A0
Loading driver 820C59BB-274C-43B2-83EA-DAC673035A59
InstallProtocolInterface: 5B1B31A1-9562-11D2-8E3F-00A0C969723B E988040
Loading driver at 0x0000E916000 EntryPoint=0x0000E917F85 SataController.efi
InstallProtocolInterface: BC62157E-3E33-4FEC-9920-2D3B36D750DF E988E98
ProtectUefiImageCommon - 0xE988040
  - 0x000000000E916000 - 0x0000000000003340
Creating Image Properties Record: 0x000000000E916000 - 0x0000000000003340
 Image - /builddir/build/BUILD/edk2-20251119-build/edk2-46548b1adac8/Build/OvmfX64/DEBUG_GCC/X64/MdeModulePkg/Bus/Pci/SataControllerDxe/SataControllerDxe/DEBUG/SataController.dll
!!!!!!!!  Image Section Alignment(0x40) does not match Required Alignment (0x1000)  !!!!!!!!
ProtectUefiImage failed to create image properties record
SetUefiImageMemoryAttributes - 0x000000000E916000 - 0x0000000000004000 (0x0000000000000008)
InstallProtocolInterface: 18A031AB-B443-4D1A-A5C0-0C09261E9F71 E9190C0
InstallProtocolInterface: 107A772C-D5E1-11D4-9A46-0090273FC14D E919120
InstallProtocolInterface: 6A7A5CFF-E8D9-4F70-BADA-75AB3025CE14 E919040
Loading driver 5E523CB4-D397-4986-87BD-A6DD8B22F455
InstallProtocolInterface: 5B1B31A1-9562-11D2-8E3F-00A0C969723B E988440
Loading driver at 0x0000E8F0000 EntryPoint=0x0000E8F8463 AtaAtapiPassThruDxe.efi
InstallProtocolInterface: BC62157E-3E33-4FEC-9920-2D3B36D750DF E988818
ProtectUefiImageCommon - 0xE988440
  - 0x000000000E8F0000 - 0x000000000000ACC0
Creating Image Properties Record: 0x000000000E8F0000 - 0x000000000000ACC0
 Image - /builddir/build/BUILD/edk2-20251119-build/edk2-46548b1adac8/Build/OvmfX64/DEBUG_GCC/X64/MdeModulePkg/Bus/Ata/AtaAtapiPassThru/AtaAtapiPassThru/DEBUG/AtaAtapiPassThruDxe.dll
!!!!!!!!  Image Section Alignment(0x40) does not match Required Alignment (0x1000)  !!!!!!!!
ProtectUefiImage failed to create image properties record
SetUefiImageMemoryAttributes - 0x000000000E8F0000 - 0x000000000000B000 (0x0000000000000008)
InstallProtocolInterface: 18A031AB-B443-4D1A-A5C0-0C09261E9F71 E8FA780
InstallProtocolInterface: 107A772C-D5E1-11D4-9A46-0090273FC14D E8FA7E0
InstallProtocolInterface: 6A7A5CFF-E8D9-4F70-BADA-75AB3025CE14 E8FA700
Loading driver 19DF145A-B1D4-453F-8507-38816676D7F6
InstallProtocolInterface: 5B1B31A1-9562-11D2-8E3F-00A0C969723B E987CC0
Loading driver at 0x0000E8E9000 EntryPoint=0x0000E8ED399 AtaBusDxe.efi
InstallProtocolInterface: BC62157E-3E33-4FEC-9920-2D3B36D750DF E987898
ProtectUefiImageCommon - 0xE987CC0
  - 0x000000000E8E9000 - 0x0000000000006280
Creating Image Properties Record: 0x000000000E8E9000 - 0x0000000000006280
 Image - /builddir/build/BUILD/edk2-20251119-build/edk2-46548b1adac8/Build/OvmfX64/DEBUG_GCC/X64/MdeModulePkg/Bus/Ata/AtaBusDxe/AtaBusDxe/DEBUG/AtaBusDxe.dll
!!!!!!!!  Image Section Alignment(0x40) does not match Required Alignment (0x1000)  !!!!!!!!
ProtectUefiImage failed to create image properties record
SetUefiImageMemoryAttributes - 0x000000000E8E9000 - 0x0000000000007000 (0x0000000000000008)
InstallProtocolInterface: 18A031AB-B443-4D1A-A5C0-0C09261E9F71 E8EED40
InstallProtocolInterface: 107A772C-D5E1-11D4-9A46-0090273FC14D E8EEE30
InstallProtocolInterface: 6A7A5CFF-E8D9-4F70-BADA-75AB3025CE14 E8EEE10
Loading driver 5BE3BDF4-53CF-46A3-A6A9-73C34A6E5EE3
InstallProtocolInterface: 5B1B31A1-9562-11D2-8E3F-00A0C969723B E9873C0
Loading driver at 0x0000E8DF000 EntryPoint=0x0000E8E63FE NvmExpressDxe.efi
InstallProtocolInterface: BC62157E-3E33-4FEC-9920-2D3B36D750DF E987318
ProtectUefiImageCommon - 0xE9873C0
  - 0x000000000E8DF000 - 0x0000000000009940
Creating Image Properties Record: 0x000000000E8DF000 - 0x0000000000009940
 Image - /builddir/build/BUILD/edk2-20251119-build/edk2-46548b1adac8/Build/OvmfX64/DEBUG_GCC/X64/MdeModulePkg/Bus/Pci/NvmExpressDxe/NvmExpressDxe/DEBUG/NvmExpressDxe.dll
!!!!!!!!  Image Section Alignment(0x40) does not match Required Alignment (0x1000)  !!!!!!!!
ProtectUefiImage failed to create image properties record
SetUefiImageMemoryAttributes - 0x000000000E8DF000 - 0x000000000000A000 (0x0000000000000008)
InstallProtocolInterface: 18A031AB-B443-4D1A-A5C0-0C09261E9F71 E8E86A0
InstallProtocolInterface: 107A772C-D5E1-11D4-9A46-0090273FC14D E8E8700
InstallProtocolInterface: 6A7A5CFF-E8D9-4F70-BADA-75AB3025CE14 E8E85D0
InstallProtocolInterface: 5C198761-16A8-4E69-972C-89D67954F81D E8E8520
Loading driver 864E1CA8-85EB-4D63-9DCC-6E0FC90FFD55
InstallProtocolInterface: 5B1B31A1-9562-11D2-8E3F-00A0C969723B E94C140
Loading driver at 0x0000E91F000 EntryPoint=0x0000E920D57 SioBusDxe.efi
InstallProtocolInterface: BC62157E-3E33-4FEC-9920-2D3B36D750DF E94C398
ProtectUefiImageCommon - 0xE94C140
  - 0x000000000E91F000 - 0x0000000000002FC0
Creating Image Properties Record: 0x000000000E91F000 - 0x0000000000002FC0
 Image - /builddir/build/BUILD/edk2-20251119-build/edk2-46548b1adac8/Build/OvmfX64/DEBUG_GCC/X64/OvmfPkg/SioBusDxe/SioBusDxe/DEBUG/SioBusDxe.dll
!!!!!!!!  Image Section Alignment(0x40) does not match Required Alignment (0x1000)  !!!!!!!!
ProtectUefiImage failed to create image properties record
SetUefiImageMemoryAttributes - 0x000000000E91F000 - 0x0000000000003000 (0x0000000000000008)
InstallProtocolInterface: 18A031AB-B443-4D1A-A5C0-0C09261E9F71 E921CA0
InstallProtocolInterface: 107A772C-D5E1-11D4-9A46-0090273FC14D E921DC0
InstallProtocolInterface: 6A7A5CFF-E8D9-4F70-BADA-75AB3025CE14 E921C80
Loading driver E2775B47-D453-4EE3-ADA7-391A1B05AC17
InstallProtocolInterface: 5B1B31A1-9562-11D2-8E3F-00A0C969723B E94C640
Loading driver at 0x0000E900000 EntryPoint=0x0000E904567 PciSioSerialDxe.efi
InstallProtocolInterface: BC62157E-3E33-4FEC-9920-2D3B36D750DF E94BB18
ProtectUefiImageCommon - 0xE94C640
  - 0x000000000E900000 - 0x0000000000005DC0
Creating Image Properties Record: 0x000000000E900000 - 0x0000000000005DC0
 Image - /builddir/build/BUILD/edk2-20251119-build/edk2-46548b1adac8/Build/OvmfX64/DEBUG_GCC/X64/MdeModulePkg/Bus/Pci/PciSioSerialDxe/PciSioSerialDxe/DEBUG/PciSioSerialDxe.dll
!!!!!!!!  Image Section Alignment(0x40) does not match Required Alignment (0x1000)  !!!!!!!!
ProtectUefiImage failed to create image properties record
SetUefiImageMemoryAttributes - 0x000000000E900000 - 0x0000000000006000 (0x0000000000000008)
InstallProtocolInterface: 18A031AB-B443-4D1A-A5C0-0C09261E9F71 E905B40
InstallProtocolInterface: 107A772C-D5E1-11D4-9A46-0090273FC14D E905BA0
InstallProtocolInterface: 6A7A5CFF-E8D9-4F70-BADA-75AB3025CE14 E9059B0
Loading driver C4D1F932-821F-4744-BF06-6D30F7730F8D
InstallProtocolInterface: 5B1B31A1-9562-11D2-8E3F-00A0C969723B E94B0C0
Loading driver at 0x0000E8D9000 EntryPoint=0x0000E8DCCB3 Ps2KeyboardDxe.efi
InstallProtocolInterface: BC62157E-3E33-4FEC-9920-2D3B36D750DF E94BA98
ProtectUefiImageCommon - 0xE94B0C0
  - 0x000000000E8D9000 - 0x0000000000005880
Creating Image Properties Record: 0x000000000E8D9000 - 0x0000000000005880
 Image - /builddir/build/BUILD/edk2-20251119-build/edk2-46548b1adac8/Build/OvmfX64/DEBUG_GCC/X64/MdeModulePkg/Bus/Isa/Ps2KeyboardDxe/Ps2KeyboardDxe/DEBUG/Ps2KeyboardDxe.dll
!!!!!!!!  Image Section Alignment(0x40) does not match Required Alignment (0x1000)  !!!!!!!!
ProtectUefiImage failed to create image properties record
SetUefiImageMemoryAttributes - 0x000000000E8D9000 - 0x0000000000006000 (0x0000000000000008)
InstallProtocolInterface: 18A031AB-B443-4D1A-A5C0-0C09261E9F71 E8DE5E0
InstallProtocolInterface: 107A772C-D5E1-11D4-9A46-0090273FC14D E8DE640
InstallProtocolInterface: 6A7A5CFF-E8D9-4F70-BADA-75AB3025CE14 E8DE570
Loading driver B8E62775-BB0A-43F0-A843-5BE8B14F8CCD
InstallProtocolInterface: 5B1B31A1-9562-11D2-8E3F-00A0C969723B E94A040
Loading driver at 0x0000E913000 EntryPoint=0x0000E91460D BootGraphicsResourceTableDxe.efi
InstallProtocolInterface: BC62157E-3E33-4FEC-9920-2D3B36D750DF E94AD18
ProtectUefiImageCommon - 0xE94A040
  - 0x000000000E913000 - 0x00000000000027C0
Creating Image Properties Record: 0x000000000E913000 - 0x00000000000027C0
 Image - /builddir/build/BUILD/edk2-20251119-build/edk2-46548b1adac8/Build/OvmfX64/DEBUG_GCC/X64/MdeModulePkg/Universal/Acpi/BootGraphicsResourceTableDxe/BootGraphicsResourceTableDxe/DEBUG/BootGraphicsResourceTableDxe.dll
!!!!!!!!  Image Section Alignment(0x40) does not match Required Alignment (0x1000)  !!!!!!!!
ProtectUefiImage failed to create image properties record
SetUefiImageMemoryAttributes - 0x000000000E913000 - 0x0000000000003000 (0x0000000000000008)
InstallProtocolInterface: CDEA2BD3-FC25-4C1C-B97C-B31186064990 E9154B0
InstallProtocolInterface: 4B5DC1DF-1EAA-48B2-A7E9-EAC489A00B5C E915530
Loading driver 961578FE-B6B7-44C3-AF35-6BC705CD2B1F
InstallProtocolInterface: 5B1B31A1-9562-11D2-8E3F-00A0C969723B E94A540
Loading driver at 0x0000E8C5000 EntryPoint=0x0000E8CCE0D Fat.efi
InstallProtocolInterface: BC62157E-3E33-4FEC-9920-2D3B36D750DF E94AA18
ProtectUefiImageCommon - 0xE94A540
  - 0x000000000E8C5000 - 0x0000000000009B00
Creating Image Properties Record: 0x000000000E8C5000 - 0x0000000000009B00
 Image - /builddir/build/BUILD/edk2-20251119-build/edk2-46548b1adac8/Build/OvmfX64/DEBUG_GCC/X64/FatPkg/EnhancedFatDxe/Fat/DEBUG/Fat.dll
!!!!!!!!  Image Section Alignment(0x40) does not match Required Alignment (0x1000)  !!!!!!!!
ProtectUefiImage failed to create image properties record
SetUefiImageMemoryAttributes - 0x000000000E8C5000 - 0x000000000000A000 (0x0000000000000008)
InstallProtocolInterface: 18A031AB-B443-4D1A-A5C0-0C09261E9F71 E8CE860
InstallProtocolInterface: 107A772C-D5E1-11D4-9A46-0090273FC14D E8CE8C0
InstallProtocolInterface: 6A7A5CFF-E8D9-4F70-BADA-75AB3025CE14 E8CE690
Loading driver 905F13B0-8F91-4B0A-BD76-E1E78F9422E4
InstallProtocolInterface: 5B1B31A1-9562-11D2-8E3F-00A0C969723B E946040
Loading driver at 0x0000E8BE000 EntryPoint=0x0000E8C2A26 UdfDxe.efi
InstallProtocolInterface: BC62157E-3E33-4FEC-9920-2D3B36D750DF E946C98
ProtectUefiImageCommon - 0xE946040
  - 0x000000000E8BE000 - 0x00000000000060C0
Creating Image Properties Record: 0x000000000E8BE000 - 0x00000000000060C0
 Image - /builddir/build/BUILD/edk2-20251119-build/edk2-46548b1adac8/Build/OvmfX64/DEBUG_GCC/X64/MdeModulePkg/Universal/Disk/UdfDxe/UdfDxe/DEBUG/UdfDxe.dll
!!!!!!!!  Image Section Alignment(0x40) does not match Required Alignment (0x1000)  !!!!!!!!
ProtectUefiImage failed to create image properties record
SetUefiImageMemoryAttributes - 0x000000000E8BE000 - 0x0000000000007000 (0x0000000000000008)
InstallProtocolInterface: 18A031AB-B443-4D1A-A5C0-0C09261E9F71 E8C3D20
InstallProtocolInterface: 107A772C-D5E1-11D4-9A46-0090273FC14D E8C3E80
InstallProtocolInterface: 6A7A5CFF-E8D9-4F70-BADA-75AB3025CE14 E8C3D00
Loading driver 7BD9DDF7-8B83-488E-AEC9-24C78610289C
InstallProtocolInterface: 5B1B31A1-9562-11D2-8E3F-00A0C969723B E946440
Loading driver at 0x0000E8B4000 EntryPoint=0x0000E8BB44C VirtioFsDxe.efi
InstallProtocolInterface: BC62157E-3E33-4FEC-9920-2D3B36D750DF E946898
ProtectUefiImageCommon - 0xE946440
  - 0x000000000E8B4000 - 0x0000000000009400
Creating Image Properties Record: 0x000000000E8B4000 - 0x0000000000009400
 Image - /builddir/build/BUILD/edk2-20251119-build/edk2-46548b1adac8/Build/OvmfX64/DEBUG_GCC/X64/OvmfPkg/VirtioFsDxe/VirtioFsDxe/DEBUG/VirtioFsDxe.dll
!!!!!!!!  Image Section Alignment(0x40) does not match Required Alignment (0x1000)  !!!!!!!!
ProtectUefiImage failed to create image properties record
SetUefiImageMemoryAttributes - 0x000000000E8B4000 - 0x000000000000A000 (0x0000000000000008)
InstallProtocolInterface: 18A031AB-B443-4D1A-A5C0-0C09261E9F71 E8BD260
InstallProtocolInterface: 6A7A5CFF-E8D9-4F70-BADA-75AB3025CE14 E8BD240
Loading driver 63E3BDCF-2AC7-4AC0-9B92-03A7541422FF
InstallProtocolInterface: 5B1B31A1-9562-11D2-8E3F-00A0C969723B E933040
Loading driver at 0x0000E8D4000 EntryPoint=0x0000E8D69BD Hash2DxeCrypto.efi
InstallProtocolInterface: BC62157E-3E33-4FEC-9920-2D3B36D750DF E933C18
ProtectUefiImageCommon - 0xE933040
  - 0x000000000E8D4000 - 0x0000000000004300
Creating Image Properties Record: 0x000000000E8D4000 - 0x0000000000004300
 Image - /builddir/build/BUILD/edk2-20251119-build/edk2-46548b1adac8/Build/OvmfX64/DEBUG_GCC/X64/SecurityPkg/Hash2DxeCrypto/Hash2DxeCrypto/DEBUG/Hash2DxeCrypto.dll
!!!!!!!!  Image Section Alignment(0x40) does not match Required Alignment (0x1000)  !!!!!!!!
ProtectUefiImage failed to create image properties record
SetUefiImageMemoryAttributes - 0x000000000E8D4000 - 0x0000000000005000 (0x0000000000000008)
InstallProtocolInterface: DA836F8D-217F-4CA0-99C2-1CA4E16077EA E933B28
Loading driver A92CDB4B-82F1-4E0B-A516-8A655D371524
InstallProtocolInterface: 5B1B31A1-9562-11D2-8E3F-00A0C969723B E933640
Loading driver at 0x0000E8A6000 EntryPoint=0x0000E8AA55F VirtioNetDxe.efi
InstallProtocolInterface: BC62157E-3E33-4FEC-9920-2D3B36D750DF E933318
ProtectUefiImageCommon - 0xE933640
  - 0x000000000E8A6000 - 0x0000000000006440
Creating Image Properties Record: 0x000000000E8A6000 - 0x0000000000006440
 Image - /builddir/build/BUILD/edk2-20251119-build/edk2-46548b1adac8/Build/OvmfX64/DEBUG_GCC/X64/OvmfPkg/VirtioNetDxe/VirtioNet/DEBUG/VirtioNetDxe.dll
!!!!!!!!  Image Section Alignment(0x40) does not match Required Alignment (0x1000)  !!!!!!!!
ProtectUefiImage failed to create image properties record
SetUefiImageMemoryAttributes - 0x000000000E8A6000 - 0x0000000000007000 (0x0000000000000008)
Select Item: 0x0
InternalQemuFwCfgCacheReadBytes: found Item 0x0 in FwCfg Cache
FW CFG Signature: 0x554D4551
Select Item: 0x1
InternalQemuFwCfgCacheReadBytes: found Item 0x1 in FwCfg Cache
FW CFG Revision: 0x3
QemuFwCfg interface (DMA) is supported.
Select Item: 0x19
InternalQemuFwCfgCacheReadBytes: found Item 0x19 in FwCfg Cache
InternalQemuFwCfgCacheReadBytes: found Item 0x19 in FwCfg Cache
InternalQemuFwCfgCacheReadBytes: found Item 0x19 in FwCfg Cache
InternalQemuFwCfgCacheReadBytes: found Item 0x19 in FwCfg Cache
InternalQemuFwCfgCacheReadBytes: found Item 0x19 in FwCfg Cache
InternalQemuFwCfgCacheReadBytes: found Item 0x19 in FwCfg Cache
InternalQemuFwCfgCacheReadBytes: found Item 0x19 in FwCfg Cache
InternalQemuFwCfgCacheReadBytes: found Item 0x19 in FwCfg Cache
InternalQemuFwCfgCacheReadBytes: found Item 0x19 in FwCfg Cache
InternalQemuFwCfgCacheReadBytes: found Item 0x19 in FwCfg Cache
InternalQemuFwCfgCacheReadBytes: found Item 0x19 in FwCfg Cache
InternalQemuFwCfgCacheReadBytes: found Item 0x19 in FwCfg Cache
InternalQemuFwCfgCacheReadBytes: found Item 0x19 in FwCfg Cache
InternalQemuFwCfgCacheReadBytes: found Item 0x19 in FwCfg Cache
InternalQemuFwCfgCacheReadBytes: found Item 0x19 in FwCfg Cache
InternalQemuFwCfgCacheReadBytes: found Item 0x19 in FwCfg Cache
InternalQemuFwCfgCacheReadBytes: found Item 0x19 in FwCfg Cache
InternalQemuFwCfgCacheReadBytes: found Item 0x19 in FwCfg Cache
InternalQemuFwCfgCacheReadBytes: found Item 0x19 in FwCfg Cache
InternalQemuFwCfgCacheReadBytes: found Item 0x19 in FwCfg Cache
InternalQemuFwCfgCacheReadBytes: found Item 0x19 in FwCfg Cache
InternalQemuFwCfgCacheReadBytes: found Item 0x19 in FwCfg Cache
InternalQemuFwCfgCacheReadBytes: found Item 0x19 in FwCfg Cache
InternalQemuFwCfgCacheReadBytes: found Item 0x19 in FwCfg Cache
InternalQemuFwCfgCacheReadBytes: found Item 0x19 in FwCfg Cache
InternalQemuFwCfgCacheReadBytes: found Item 0x19 in FwCfg Cache
InternalQemuFwCfgCacheReadBytes: found Item 0x19 in FwCfg Cache
InternalQemuFwCfgCacheReadBytes: found Item 0x19 in FwCfg Cache
InternalQemuFwCfgCacheReadBytes: found Item 0x19 in FwCfg Cache
InternalQemuFwCfgCacheReadBytes: found Item 0x19 in FwCfg Cache
InternalQemuFwCfgCacheReadBytes: found Item 0x19 in FwCfg Cache
InternalQemuFwCfgCacheReadBytes: found Item 0x19 in FwCfg Cache
InternalQemuFwCfgCacheReadBytes: found Item 0x19 in FwCfg Cache
InternalQemuFwCfgCacheReadBytes: found Item 0x19 in FwCfg Cache
InternalQemuFwCfgCacheReadBytes: found Item 0x19 in FwCfg Cache
InternalQemuFwCfgCacheReadBytes: found Item 0x19 in FwCfg Cache
InternalQemuFwCfgCacheReadBytes: found Item 0x19 in FwCfg Cache
InternalQemuFwCfgCacheReadBytes: found Item 0x19 in FwCfg Cache
InternalQemuFwCfgCacheReadBytes: found Item 0x19 in FwCfg Cache
InternalQemuFwCfgCacheReadBytes: found Item 0x19 in FwCfg Cache
InternalQemuFwCfgCacheReadBytes: found Item 0x19 in FwCfg Cache
InternalQemuFwCfgCacheReadBytes: found Item 0x19 in FwCfg Cache
InternalQemuFwCfgCacheReadBytes: found Item 0x19 in FwCfg Cache
InternalQemuFwCfgCacheReadBytes: found Item 0x19 in FwCfg Cache
InternalQemuFwCfgCacheReadBytes: found Item 0x19 in FwCfg Cache
InternalQemuFwCfgCacheReadBytes: found Item 0x19 in FwCfg Cache
InternalQemuFwCfgCacheReadBytes: found Item 0x19 in FwCfg Cache
InternalQemuFwCfgCacheReadBytes: found Item 0x19 in FwCfg Cache
InternalQemuFwCfgCacheReadBytes: found Item 0x19 in FwCfg Cache
InternalQemuFwCfgCacheReadBytes: found Item 0x19 in FwCfg Cache
InternalQemuFwCfgCacheReadBytes: found Item 0x19 in FwCfg Cache
InternalQemuFwCfgCacheReadBytes: found Item 0x19 in FwCfg Cache
InternalQemuFwCfgCacheReadBytes: found Item 0x19 in FwCfg Cache
InternalQemuFwCfgCacheReadBytes: found Item 0x19 in FwCfg Cache
InternalQemuFwCfgCacheReadBytes: found Item 0x19 in FwCfg Cache
InternalQemuFwCfgCacheReadBytes: found Item 0x19 in FwCfg Cache
InternalQemuFwCfgCacheReadBytes: found Item 0x19 in FwCfg Cache
InternalQemuFwCfgCacheReadBytes: found Item 0x19 in FwCfg Cache
InternalQemuFwCfgCacheReadBytes: found Item 0x19 in FwCfg Cache
InternalQemuFwCfgCacheReadBytes: found Item 0x19 in FwCfg Cache
InternalQemuFwCfgCacheReadBytes: found Item 0x19 in FwCfg Cache
EntryPointFwCfgOverride: opt/org.tianocore/VirtioNetSupport = enabled (default)
InstallProtocolInterface: 18A031AB-B443-4D1A-A5C0-0C09261E9F71 E8AC180
InstallProtocolInterface: 107A772C-D5E1-11D4-9A46-0090273FC14D E8AC1E0
InstallProtocolInterface: 6A7A5CFF-E8D9-4F70-BADA-75AB3025CE14 E8AC0E0
Loading driver 2FB92EFA-2EE0-4BAE-9EB6-7464125E1EF7
InstallProtocolInterface: 5B1B31A1-9562-11D2-8E3F-00A0C969723B E9320C0
Loading driver at 0x0000E89F000 EntryPoint=0x0000E8A3FBB UhciDxe.efi
InstallProtocolInterface: BC62157E-3E33-4FEC-9920-2D3B36D750DF E932918
ProtectUefiImageCommon - 0xE9320C0
  - 0x000000000E89F000 - 0x0000000000006980
Creating Image Properties Record: 0x000000000E89F000 - 0x0000000000006980
 Image - /builddir/build/BUILD/edk2-20251119-build/edk2-46548b1adac8/Build/OvmfX64/DEBUG_GCC/X64/MdeModulePkg/Bus/Pci/UhciDxe/UhciDxe/DEBUG/UhciDxe.dll
!!!!!!!!  Image Section Alignment(0x40) does not match Required Alignment (0x1000)  !!!!!!!!
ProtectUefiImage failed to create image properties record
SetUefiImageMemoryAttributes - 0x000000000E89F000 - 0x0000000000007000 (0x0000000000000008)
InstallProtocolInterface: 18A031AB-B443-4D1A-A5C0-0C09261E9F71 E8A5680
InstallProtocolInterface: 107A772C-D5E1-11D4-9A46-0090273FC14D E8A5700
InstallProtocolInterface: 6A7A5CFF-E8D9-4F70-BADA-75AB3025CE14 E8A56E0
Loading driver BDFE430E-8F2A-4DB0-9991-6F856594777E
InstallProtocolInterface: 5B1B31A1-9562-11D2-8E3F-00A0C969723B E9324C0
Loading driver at 0x0000E88D000 EntryPoint=0x0000E892F36 EhciDxe.efi
InstallProtocolInterface: BC62157E-3E33-4FEC-9920-2D3B36D750DF E931018
ProtectUefiImageCommon - 0xE9324C0
  - 0x000000000E88D000 - 0x0000000000008100
Creating Image Properties Record: 0x000000000E88D000 - 0x0000000000008100
 Image - /builddir/build/BUILD/edk2-20251119-build/edk2-46548b1adac8/Build/OvmfX64/DEBUG_GCC/X64/MdeModulePkg/Bus/Pci/EhciDxe/EhciDxe/DEBUG/EhciDxe.dll
!!!!!!!!  Image Section Alignment(0x40) does not match Required Alignment (0x1000)  !!!!!!!!
ProtectUefiImage failed to create image properties record
SetUefiImageMemoryAttributes - 0x000000000E88D000 - 0x0000000000009000 (0x0000000000000008)
InstallProtocolInterface: 18A031AB-B443-4D1A-A5C0-0C09261E9F71 E894E60
InstallProtocolInterface: 107A772C-D5E1-11D4-9A46-0090273FC14D E894EC0
InstallProtocolInterface: 6A7A5CFF-E8D9-4F70-BADA-75AB3025CE14 E894DF0
Loading driver B7F50E91-A759-412C-ADE4-DCD03E7F7C28
InstallProtocolInterface: 5B1B31A1-9562-11D2-8E3F-00A0C969723B E9310C0
Loading driver at 0x0000E873000 EntryPoint=0x0000E87C714 XhciDxe.efi
InstallProtocolInterface: BC62157E-3E33-4FEC-9920-2D3B36D750DF E931918
ProtectUefiImageCommon - 0xE9310C0
  - 0x000000000E873000 - 0x000000000000CF00
Creating Image Properties Record: 0x000000000E873000 - 0x000000000000CF00
 Image - /builddir/build/BUILD/edk2-20251119-build/edk2-46548b1adac8/Build/OvmfX64/DEBUG_GCC/X64/MdeModulePkg/Bus/Pci/XhciDxe/XhciDxe/DEBUG/XhciDxe.dll
!!!!!!!!  Image Section Alignment(0x40) does not match Required Alignment (0x1000)  !!!!!!!!
ProtectUefiImage failed to create image properties record
SetUefiImageMemoryAttributes - 0x000000000E873000 - 0x000000000000D000 (0x0000000000000008)
InstallProtocolInterface: 18A031AB-B443-4D1A-A5C0-0C09261E9F71 E87FB40
InstallProtocolInterface: 107A772C-D5E1-11D4-9A46-0090273FC14D E87FC40
InstallProtocolInterface: 6A7A5CFF-E8D9-4F70-BADA-75AB3025CE14 E87FC20
Loading driver 240612B7-A063-11D4-9A3A-0090273FC14D
InstallProtocolInterface: 5B1B31A1-9562-11D2-8E3F-00A0C969723B E931640
Loading driver at 0x0000E884000 EntryPoint=0x0000E889F1F UsbBusDxe.efi
InstallProtocolInterface: BC62157E-3E33-4FEC-9920-2D3B36D750DF E91EE98
ProtectUefiImageCommon - 0xE931640
  - 0x000000000E884000 - 0x0000000000008980
Creating Image Properties Record: 0x000000000E884000 - 0x0000000000008980
 Image - /builddir/build/BUILD/edk2-20251119-build/edk2-46548b1adac8/Build/OvmfX64/DEBUG_GCC/X64/MdeModulePkg/Bus/Usb/UsbBusDxe/UsbBusDxe/DEBUG/UsbBusDxe.dll
!!!!!!!!  Image Section Alignment(0x40) does not match Required Alignment (0x1000)  !!!!!!!!
ProtectUefiImage failed to create image properties record
SetUefiImageMemoryAttributes - 0x000000000E884000 - 0x0000000000009000 (0x0000000000000008)
InstallProtocolInterface: 18A031AB-B443-4D1A-A5C0-0C09261E9F71 E88C600
InstallProtocolInterface: 107A772C-D5E1-11D4-9A46-0090273FC14D E88C580
InstallProtocolInterface: 6A7A5CFF-E8D9-4F70-BADA-75AB3025CE14 E88C520
Loading driver 2D2E62CF-9ECF-43B7-8219-94E7FC713DFE
InstallProtocolInterface: 5B1B31A1-9562-11D2-8E3F-00A0C969723B E91E0C0
Loading driver at 0x0000E899000 EntryPoint=0x0000E89CF58 UsbKbDxe.efi
InstallProtocolInterface: BC62157E-3E33-4FEC-9920-2D3B36D750DF E91E898
ProtectUefiImageCommon - 0xE91E0C0
  - 0x000000000E899000 - 0x0000000000005E80
Creating Image Properties Record: 0x000000000E899000 - 0x0000000000005E80
 Image - /builddir/build/BUILD/edk2-20251119-build/edk2-46548b1adac8/Build/OvmfX64/DEBUG_GCC/X64/MdeModulePkg/Bus/Usb/UsbKbDxe/UsbKbDxe/DEBUG/UsbKbDxe.dll
!!!!!!!!  Image Section Alignment(0x40) does not match Required Alignment (0x1000)  !!!!!!!!
ProtectUefiImage failed to create image properties record
SetUefiImageMemoryAttributes - 0x000000000E899000 - 0x0000000000006000 (0x0000000000000008)
InstallProtocolInterface: 18A031AB-B443-4D1A-A5C0-0C09261E9F71 E89E420
InstallProtocolInterface: 107A772C-D5E1-11D4-9A46-0090273FC14D E89EBE0
InstallProtocolInterface: 6A7A5CFF-E8D9-4F70-BADA-75AB3025CE14 E89EBC0
Loading driver 9FB4B4A7-42C0-4BCD-8540-9BCC6711F83E
InstallProtocolInterface: 5B1B31A1-9562-11D2-8E3F-00A0C969723B E912040
Loading driver at 0x0000E86C000 EntryPoint=0x0000E870455 UsbMassStorageDxe.efi
InstallProtocolInterface: BC62157E-3E33-4FEC-9920-2D3B36D750DF E912F18
ProtectUefiImageCommon - 0xE912040
  - 0x000000000E86C000 - 0x0000000000006880
Creating Image Properties Record: 0x000000000E86C000 - 0x0000000000006880
 Image - /builddir/build/BUILD/edk2-20251119-build/edk2-46548b1adac8/Build/OvmfX64/DEBUG_GCC/X64/MdeModulePkg/Bus/Usb/UsbMassStorageDxe/UsbMassStorageDxe/DEBUG/UsbMassStorageDxe.dll
!!!!!!!!  Image Section Alignment(0x40) does not match Required Alignment (0x1000)  !!!!!!!!
ProtectUefiImage failed to create image properties record
SetUefiImageMemoryAttributes - 0x000000000E86C000 - 0x0000000000007000 (0x0000000000000008)
Select Item: 0x0
InternalQemuFwCfgCacheReadBytes: found Item 0x0 in FwCfg Cache
FW CFG Signature: 0x554D4551
Select Item: 0x1
InternalQemuFwCfgCacheReadBytes: found Item 0x1 in FwCfg Cache
FW CFG Revision: 0x3
QemuFwCfg interface (DMA) is supported.
Select Item: 0x19
InternalQemuFwCfgCacheReadBytes: found Item 0x19 in FwCfg Cache
InternalQemuFwCfgCacheReadBytes: found Item 0x19 in FwCfg Cache
InternalQemuFwCfgCacheReadBytes: found Item 0x19 in FwCfg Cache
InternalQemuFwCfgCacheReadBytes: found Item 0x19 in FwCfg Cache
InternalQemuFwCfgCacheReadBytes: found Item 0x19 in FwCfg Cache
InternalQemuFwCfgCacheReadBytes: found Item 0x19 in FwCfg Cache
InternalQemuFwCfgCacheReadBytes: found Item 0x19 in FwCfg Cache
InternalQemuFwCfgCacheReadBytes: found Item 0x19 in FwCfg Cache
InternalQemuFwCfgCacheReadBytes: found Item 0x19 in FwCfg Cache
InternalQemuFwCfgCacheReadBytes: found Item 0x19 in FwCfg Cache
InternalQemuFwCfgCacheReadBytes: found Item 0x19 in FwCfg Cache
InternalQemuFwCfgCacheReadBytes: found Item 0x19 in FwCfg Cache
InternalQemuFwCfgCacheReadBytes: found Item 0x19 in FwCfg Cache
InternalQemuFwCfgCacheReadBytes: found Item 0x19 in FwCfg Cache
InternalQemuFwCfgCacheReadBytes: found Item 0x19 in FwCfg Cache
InternalQemuFwCfgCacheReadBytes: found Item 0x19 in FwCfg Cache
InternalQemuFwCfgCacheReadBytes: found Item 0x19 in FwCfg Cache
InternalQemuFwCfgCacheReadBytes: found Item 0x19 in FwCfg Cache
InternalQemuFwCfgCacheReadBytes: found Item 0x19 in FwCfg Cache
InternalQemuFwCfgCacheReadBytes: found Item 0x19 in FwCfg Cache
InternalQemuFwCfgCacheReadBytes: found Item 0x19 in FwCfg Cache
InternalQemuFwCfgCacheReadBytes: found Item 0x19 in FwCfg Cache
InternalQemuFwCfgCacheReadBytes: found Item 0x19 in FwCfg Cache
InternalQemuFwCfgCacheReadBytes: found Item 0x19 in FwCfg Cache
InternalQemuFwCfgCacheReadBytes: found Item 0x19 in FwCfg Cache
InternalQemuFwCfgCacheReadBytes: found Item 0x19 in FwCfg Cache
InternalQemuFwCfgCacheReadBytes: found Item 0x19 in FwCfg Cache
InternalQemuFwCfgCacheReadBytes: found Item 0x19 in FwCfg Cache
InternalQemuFwCfgCacheReadBytes: found Item 0x19 in FwCfg Cache
InternalQemuFwCfgCacheReadBytes: found Item 0x19 in FwCfg Cache
InternalQemuFwCfgCacheReadBytes: found Item 0x19 in FwCfg Cache
InternalQemuFwCfgCacheReadBytes: found Item 0x19 in FwCfg Cache
InternalQemuFwCfgCacheReadBytes: found Item 0x19 in FwCfg Cache
InternalQemuFwCfgCacheReadBytes: found Item 0x19 in FwCfg Cache
InternalQemuFwCfgCacheReadBytes: found Item 0x19 in FwCfg Cache
InternalQemuFwCfgCacheReadBytes: found Item 0x19 in FwCfg Cache
InternalQemuFwCfgCacheReadBytes: found Item 0x19 in FwCfg Cache
InternalQemuFwCfgCacheReadBytes: found Item 0x19 in FwCfg Cache
InternalQemuFwCfgCacheReadBytes: found Item 0x19 in FwCfg Cache
InternalQemuFwCfgCacheReadBytes: found Item 0x19 in FwCfg Cache
InternalQemuFwCfgCacheReadBytes: found Item 0x19 in FwCfg Cache
InternalQemuFwCfgCacheReadBytes: found Item 0x19 in FwCfg Cache
InternalQemuFwCfgCacheReadBytes: found Item 0x19 in FwCfg Cache
InternalQemuFwCfgCacheReadBytes: found Item 0x19 in FwCfg Cache
InternalQemuFwCfgCacheReadBytes: found Item 0x19 in FwCfg Cache
InternalQemuFwCfgCacheReadBytes: found Item 0x19 in FwCfg Cache
InternalQemuFwCfgCacheReadBytes: found Item 0x19 in FwCfg Cache
InternalQemuFwCfgCacheReadBytes: found Item 0x19 in FwCfg Cache
InternalQemuFwCfgCacheReadBytes: found Item 0x19 in FwCfg Cache
InternalQemuFwCfgCacheReadBytes: found Item 0x19 in FwCfg Cache
InternalQemuFwCfgCacheReadBytes: found Item 0x19 in FwCfg Cache
InternalQemuFwCfgCacheReadBytes: found Item 0x19 in FwCfg Cache
InternalQemuFwCfgCacheReadBytes: found Item 0x19 in FwCfg Cache
InternalQemuFwCfgCacheReadBytes: found Item 0x19 in FwCfg Cache
InternalQemuFwCfgCacheReadBytes: found Item 0x19 in FwCfg Cache
InternalQemuFwCfgCacheReadBytes: found Item 0x19 in FwCfg Cache
InternalQemuFwCfgCacheReadBytes: found Item 0x19 in FwCfg Cache
InternalQemuFwCfgCacheReadBytes: found Item 0x19 in FwCfg Cache
InternalQemuFwCfgCacheReadBytes: found Item 0x19 in FwCfg Cache
InternalQemuFwCfgCacheReadBytes: found Item 0x19 in FwCfg Cache
InternalQemuFwCfgCacheReadBytes: found Item 0x19 in FwCfg Cache
EntryPointFwCfgOverride: opt/org.tianocore/UsbStorageSupport = enabled (default)
InstallProtocolInterface: 18A031AB-B443-4D1A-A5C0-0C09261E9F71 E8724E0
InstallProtocolInterface: 107A772C-D5E1-11D4-9A46-0090273FC14D E8725E0
InstallProtocolInterface: 6A7A5CFF-E8D9-4F70-BADA-75AB3025CE14 E8724C0
Loading driver E3752948-B9A1-4770-90C4-DF41C38986BE
InstallProtocolInterface: 5B1B31A1-9562-11D2-8E3F-00A0C969723B E912AC0
Loading driver at 0x0000E866000 EntryPoint=0x0000E869AC3 QemuVideoDxe.efi
InstallProtocolInterface: BC62157E-3E33-4FEC-9920-2D3B36D750DF E912818
ProtectUefiImageCommon - 0xE912AC0
  - 0x000000000E866000 - 0x0000000000005BC0
Creating Image Properties Record: 0x000000000E866000 - 0x0000000000005BC0
 Image - /builddir/build/BUILD/edk2-20251119-build/edk2-46548b1adac8/Build/OvmfX64/DEBUG_GCC/X64/OvmfPkg/QemuVideoDxe/QemuVideoDxe/DEBUG/QemuVideoDxe.dll
!!!!!!!!  Image Section Alignment(0x40) does not match Required Alignment (0x1000)  !!!!!!!!
ProtectUefiImage failed to create image properties record
SetUefiImageMemoryAttributes - 0x000000000E866000 - 0x0000000000006000 (0x0000000000000008)
InstallProtocolInterface: 18A031AB-B443-4D1A-A5C0-0C09261E9F71 E86B920
InstallProtocolInterface: 107A772C-D5E1-11D4-9A46-0090273FC14D E86B980
InstallProtocolInterface: 6A7A5CFF-E8D9-4F70-BADA-75AB3025CE14 E86B720
Loading driver D6099B94-CD97-4CC5-8714-7F6312701A8A
InstallProtocolInterface: 5B1B31A1-9562-11D2-8E3F-00A0C969723B E911040
Loading driver at 0x0000E860000 EntryPoint=0x0000E863E9C VirtioGpuDxe.efi
InstallProtocolInterface: BC62157E-3E33-4FEC-9920-2D3B36D750DF E911F18
ProtectUefiImageCommon - 0xE911040
  - 0x000000000E860000 - 0x0000000000005940
Creating Image Properties Record: 0x000000000E860000 - 0x0000000000005940
 Image - /builddir/build/BUILD/edk2-20251119-build/edk2-46548b1adac8/Build/OvmfX64/DEBUG_GCC/X64/OvmfPkg/VirtioGpuDxe/VirtioGpu/DEBUG/VirtioGpuDxe.dll
!!!!!!!!  Image Section Alignment(0x40) does not match Required Alignment (0x1000)  !!!!!!!!
ProtectUefiImage failed to create image properties record
SetUefiImageMemoryAttributes - 0x000000000E860000 - 0x0000000000006000 (0x0000000000000008)
InstallProtocolInterface: 18A031AB-B443-4D1A-A5C0-0C09261E9F71 E865660
InstallProtocolInterface: 6A7A5CFF-E8D9-4F70-BADA-75AB3025CE14 E865630
Loading driver 58E26F0D-CBAC-4BBA-B70F-18221415665A
InstallProtocolInterface: 5B1B31A1-9562-11D2-8E3F-00A0C969723B E911440
Loading driver at 0x0000E8D1000 EntryPoint=0x0000E8D2D75 VirtioRngDxe.efi
InstallProtocolInterface: BC62157E-3E33-4FEC-9920-2D3B36D750DF E911A18
ProtectUefiImageCommon - 0xE911440
  - 0x000000000E8D1000 - 0x0000000000002E80
Creating Image Properties Record: 0x000000000E8D1000 - 0x0000000000002E80
 Image - /builddir/build/BUILD/edk2-20251119-build/edk2-46548b1adac8/Build/OvmfX64/DEBUG_GCC/X64/OvmfPkg/VirtioRngDxe/VirtioRng/DEBUG/VirtioRngDxe.dll
!!!!!!!!  Image Section Alignment(0x40) does not match Required Alignment (0x1000)  !!!!!!!!
ProtectUefiImage failed to create image properties record
SetUefiImageMemoryAttributes - 0x000000000E8D1000 - 0x0000000000003000 (0x0000000000000008)
InstallProtocolInterface: 18A031AB-B443-4D1A-A5C0-0C09261E9F71 E8D3BE0
InstallProtocolInterface: 107A772C-D5E1-11D4-9A46-0090273FC14D E8D3C40
InstallProtocolInterface: 6A7A5CFF-E8D9-4F70-BADA-75AB3025CE14 E8D3BC0
Loading driver 8E325979-3FE1-4927-AAE2-8F5C4BD2AF0D
InstallProtocolInterface: 5B1B31A1-9562-11D2-8E3F-00A0C969723B E910040
Loading driver at 0x0000E848000 EntryPoint=0x0000E850250 SdMmcPciHcDxe.efi
InstallProtocolInterface: BC62157E-3E33-4FEC-9920-2D3B36D750DF E910C98
ProtectUefiImageCommon - 0xE910040
  - 0x000000000E848000 - 0x000000000000B780
Creating Image Properties Record: 0x000000000E848000 - 0x000000000000B780
 Image - /builddir/build/BUILD/edk2-20251119-build/edk2-46548b1adac8/Build/OvmfX64/DEBUG_GCC/X64/MdeModulePkg/Bus/Pci/SdMmcPciHcDxe/SdMmcPciHcDxe/DEBUG/SdMmcPciHcDxe.dll
!!!!!!!!  Image Section Alignment(0x40) does not match Required Alignment (0x1000)  !!!!!!!!
ProtectUefiImage failed to create image properties record
SetUefiImageMemoryAttributes - 0x000000000E848000 - 0x000000000000C000 (0x0000000000000008)
Select Item: 0x0
InternalQemuFwCfgCacheReadBytes: found Item 0x0 in FwCfg Cache
FW CFG Signature: 0x554D4551
Select Item: 0x1
InternalQemuFwCfgCacheReadBytes: found Item 0x1 in FwCfg Cache
FW CFG Revision: 0x3
QemuFwCfg interface (DMA) is supported.
Select Item: 0x19
InternalQemuFwCfgCacheReadBytes: found Item 0x19 in FwCfg Cache
InternalQemuFwCfgCacheReadBytes: found Item 0x19 in FwCfg Cache
InternalQemuFwCfgCacheReadBytes: found Item 0x19 in FwCfg Cache
InternalQemuFwCfgCacheReadBytes: found Item 0x19 in FwCfg Cache
InternalQemuFwCfgCacheReadBytes: found Item 0x19 in FwCfg Cache
InternalQemuFwCfgCacheReadBytes: found Item 0x19 in FwCfg Cache
InternalQemuFwCfgCacheReadBytes: found Item 0x19 in FwCfg Cache
InternalQemuFwCfgCacheReadBytes: found Item 0x19 in FwCfg Cache
InternalQemuFwCfgCacheReadBytes: found Item 0x19 in FwCfg Cache
InternalQemuFwCfgCacheReadBytes: found Item 0x19 in FwCfg Cache
InternalQemuFwCfgCacheReadBytes: found Item 0x19 in FwCfg Cache
InternalQemuFwCfgCacheReadBytes: found Item 0x19 in FwCfg Cache
InternalQemuFwCfgCacheReadBytes: found Item 0x19 in FwCfg Cache
InternalQemuFwCfgCacheReadBytes: found Item 0x19 in FwCfg Cache
InternalQemuFwCfgCacheReadBytes: found Item 0x19 in FwCfg Cache
InternalQemuFwCfgCacheReadBytes: found Item 0x19 in FwCfg Cache
InternalQemuFwCfgCacheReadBytes: found Item 0x19 in FwCfg Cache
InternalQemuFwCfgCacheReadBytes: found Item 0x19 in FwCfg Cache
InternalQemuFwCfgCacheReadBytes: found Item 0x19 in FwCfg Cache
InternalQemuFwCfgCacheReadBytes: found Item 0x19 in FwCfg Cache
InternalQemuFwCfgCacheReadBytes: found Item 0x19 in FwCfg Cache
InternalQemuFwCfgCacheReadBytes: found Item 0x19 in FwCfg Cache
InternalQemuFwCfgCacheReadBytes: found Item 0x19 in FwCfg Cache
InternalQemuFwCfgCacheReadBytes: found Item 0x19 in FwCfg Cache
InternalQemuFwCfgCacheReadBytes: found Item 0x19 in FwCfg Cache
InternalQemuFwCfgCacheReadBytes: found Item 0x19 in FwCfg Cache
InternalQemuFwCfgCacheReadBytes: found Item 0x19 in FwCfg Cache
InternalQemuFwCfgCacheReadBytes: found Item 0x19 in FwCfg Cache
InternalQemuFwCfgCacheReadBytes: found Item 0x19 in FwCfg Cache
InternalQemuFwCfgCacheReadBytes: found Item 0x19 in FwCfg Cache
InternalQemuFwCfgCacheReadBytes: found Item 0x19 in FwCfg Cache
InternalQemuFwCfgCacheReadBytes: found Item 0x19 in FwCfg Cache
InternalQemuFwCfgCacheReadBytes: found Item 0x19 in FwCfg Cache
InternalQemuFwCfgCacheReadBytes: found Item 0x19 in FwCfg Cache
InternalQemuFwCfgCacheReadBytes: found Item 0x19 in FwCfg Cache
InternalQemuFwCfgCacheReadBytes: found Item 0x19 in FwCfg Cache
InternalQemuFwCfgCacheReadBytes: found Item 0x19 in FwCfg Cache
InternalQemuFwCfgCacheReadBytes: found Item 0x19 in FwCfg Cache
InternalQemuFwCfgCacheReadBytes: found Item 0x19 in FwCfg Cache
InternalQemuFwCfgCacheReadBytes: found Item 0x19 in FwCfg Cache
InternalQemuFwCfgCacheReadBytes: found Item 0x19 in FwCfg Cache
InternalQemuFwCfgCacheReadBytes: found Item 0x19 in FwCfg Cache
InternalQemuFwCfgCacheReadBytes: found Item 0x19 in FwCfg Cache
InternalQemuFwCfgCacheReadBytes: found Item 0x19 in FwCfg Cache
InternalQemuFwCfgCacheReadBytes: found Item 0x19 in FwCfg Cache
InternalQemuFwCfgCacheReadBytes: found Item 0x19 in FwCfg Cache
InternalQemuFwCfgCacheReadBytes: found Item 0x19 in FwCfg Cache
InternalQemuFwCfgCacheReadBytes: found Item 0x19 in FwCfg Cache
InternalQemuFwCfgCacheReadBytes: found Item 0x19 in FwCfg Cache
InternalQemuFwCfgCacheReadBytes: found Item 0x19 in FwCfg Cache
InternalQemuFwCfgCacheReadBytes: found Item 0x19 in FwCfg Cache
InternalQemuFwCfgCacheReadBytes: found Item 0x19 in FwCfg Cache
InternalQemuFwCfgCacheReadBytes: found Item 0x19 in FwCfg Cache
InternalQemuFwCfgCacheReadBytes: found Item 0x19 in FwCfg Cache
InternalQemuFwCfgCacheReadBytes: found Item 0x19 in FwCfg Cache
InternalQemuFwCfgCacheReadBytes: found Item 0x19 in FwCfg Cache
InternalQemuFwCfgCacheReadBytes: found Item 0x19 in FwCfg Cache
InternalQemuFwCfgCacheReadBytes: found Item 0x19 in FwCfg Cache
InternalQemuFwCfgCacheReadBytes: found Item 0x19 in FwCfg Cache
InternalQemuFwCfgCacheReadBytes: found Item 0x19 in FwCfg Cache
InternalQemuFwCfgCacheReadBytes: found Item 0x19 in FwCfg Cache
EntryPointFwCfgOverride: opt/org.tianocore/SDCardSupport = enabled (default)
InstallProtocolInterface: 18A031AB-B443-4D1A-A5C0-0C09261E9F71 E853200
InstallProtocolInterface: 107A772C-D5E1-11D4-9A46-0090273FC14D E853260
InstallProtocolInterface: 6A7A5CFF-E8D9-4F70-BADA-75AB3025CE14 E8531A0
Loading driver 430AC2F7-EEC6-4093-94F7-9F825A7C1C40
InstallProtocolInterface: 5B1B31A1-9562-11D2-8E3F-00A0C969723B E910440
Loading driver at 0x0000E85A000 EntryPoint=0x0000E85DDAE SdDxe.efi
InstallProtocolInterface: BC62157E-3E33-4FEC-9920-2D3B36D750DF E910918
ProtectUefiImageCommon - 0xE910440
  - 0x000000000E85A000 - 0x0000000000005900
Creating Image Properties Record: 0x000000000E85A000 - 0x0000000000005900
 Image - /builddir/build/BUILD/edk2-20251119-build/edk2-46548b1adac8/Build/OvmfX64/DEBUG_GCC/X64/MdeModulePkg/Bus/Sd/SdDxe/SdDxe/DEBUG/SdDxe.dll
!!!!!!!!  Image Section Alignment(0x40) does not match Required Alignment (0x1000)  !!!!!!!!
ProtectUefiImage failed to create image properties record
SetUefiImageMemoryAttributes - 0x000000000E85A000 - 0x0000000000006000 (0x0000000000000008)
InstallProtocolInterface: 18A031AB-B443-4D1A-A5C0-0C09261E9F71 E85F6A0
InstallProtocolInterface: 107A772C-D5E1-11D4-9A46-0090273FC14D E85F700
InstallProtocolInterface: 6A7A5CFF-E8D9-4F70-BADA-75AB3025CE14 E85F4C0
Loading driver 2145F72F-E6F1-4440-A828-59DC9AAB5F89
InstallProtocolInterface: 5B1B31A1-9562-11D2-8E3F-00A0C969723B E8FF040
Loading driver at 0x0000E838000 EntryPoint=0x0000E83D293 EmmcDxe.efi
InstallProtocolInterface: BC62157E-3E33-4FEC-9920-2D3B36D750DF E8FFC18
ProtectUefiImageCommon - 0xE8FF040
  - 0x000000000E838000 - 0x0000000000007940
Creating Image Properties Record: 0x000000000E838000 - 0x0000000000007940
 Image - /builddir/build/BUILD/edk2-20251119-build/edk2-46548b1adac8/Build/OvmfX64/DEBUG_GCC/X64/MdeModulePkg/Bus/Sd/EmmcDxe/EmmcDxe/DEBUG/EmmcDxe.dll
!!!!!!!!  Image Section Alignment(0x40) does not match Required Alignment (0x1000)  !!!!!!!!
ProtectUefiImage failed to create image properties record
SetUefiImageMemoryAttributes - 0x000000000E838000 - 0x0000000000008000 (0x0000000000000008)
InstallProtocolInterface: 18A031AB-B443-4D1A-A5C0-0C09261E9F71 E83F6C0
InstallProtocolInterface: 107A772C-D5E1-11D4-9A46-0090273FC14D E83F720
InstallProtocolInterface: 6A7A5CFF-E8D9-4F70-BADA-75AB3025CE14 E83F640
Driver 6490F1C5-EBCC-4665-8892-0075B9BB49B7 was discovered but not loaded!!
Driver A2F436EA-A127-4EF8-957C-8048606FF670 was discovered but not loaded!!
Driver E4F61863-FE2C-4B56-A8F4-08519BC439DF was discovered but not loaded!!
Driver 025BBFC7-E6A9-4B8B-82AD-6815A1AEAF4A was discovered but not loaded!!
Driver 529D3F93-E8E9-4E73-B1E1-BDF6A9D50113 was discovered but not loaded!!
Driver 94734718-0BBC-47FB-96A5-EE7A5AE6A2AD was discovered but not loaded!!
Driver 9FB1A1F3-3B71-4324-B39A-745CBB015FFF was discovered but not loaded!!
Driver 6D6963AB-906D-4A65-A7CA-BD40E5D6AF2B was discovered but not loaded!!
Driver DC3641B8-2FA8-4ED3-BC1F-F9962A03454B was discovered but not loaded!!
Driver 95E3669D-34BE-4775-A651-7EA41B69D89E was discovered but not loaded!!
Driver 5BEDB5CC-D830-4EB2-8742-2D4CC9B54F2C was discovered but not loaded!!
Driver D912C7BC-F098-4367-92BA-E911083C7B0E was discovered but not loaded!!
Driver 99F03B99-98D8-49DD-A8D3-3219D0FFE41E was discovered but not loaded!!
Driver 1A7E4468-2F55-4A56-903C-01265EB7622B was discovered but not loaded!!
Driver B95E9FDA-26DE-48D2-8807-1F9107AC5E3A was discovered but not loaded!!
Driver B219E140-DFFC-11E3-B956-0022681E6906 was discovered but not loaded!!
Driver 2366C20F-E15A-11E3-8BF1-E4115B28BC50 was discovered but not loaded!!
Driver 22EA234F-E72A-11E4-91F9-28D2447C4829 was discovered but not loaded!!
Driver ECEBCB00-D9C8-11E4-AF3D-8CDCD426C973 was discovered but not loaded!!
Driver A487A478-51EF-48AA-8794-7BEE2A0562F1 was discovered but not loaded!!
Driver 19618BCE-55AE-09C6-37E9-4CE04084C7A1 was discovered but not loaded!!
Driver AD416CE3-A483-45B1-94C2-4B4E4D575562 was discovered but not loaded!!
[Bds] Entry...
[BdsDxe] Locate Variable Policy protocol - Success
Variable Driver Auto Update Lang, Lang:eng, PlatformLang:en Status: Success
PlatformBootManagerBeforeConsole
Registered NotifyDevPath Event
PCI Bus First Scanning
PciBus: Discovered PCI @ [00|00|00]  [VID = 0x8086, DID = 0x29C0]

PciBus: Discovered PCI @ [00|01|00]  [VID = 0x1234, DID = 0x1111]
   BAR[0]: Type = PMem32; Alignment = 0xFFFFFF;	Length = 0x1000000;	Offset = 0x10
   BAR[2]: Type =  Mem32; Alignment = 0xFFF;	Length = 0x1000;	Offset = 0x18

PciBus: Discovered PCI @ [00|02|00]  [VID = 0x8086, DID = 0x10D3]
   BAR[0]: Type =  Mem32; Alignment = 0x1FFFF;	Length = 0x20000;	Offset = 0x10
   BAR[1]: Type =  Mem32; Alignment = 0x1FFFF;	Length = 0x20000;	Offset = 0x14
   BAR[2]: Type =   Io32; Alignment = 0x1F;	Length = 0x20;	Offset = 0x18
   BAR[3]: Type =  Mem32; Alignment = 0x3FFF;	Length = 0x4000;	Offset = 0x1C

PciBus: Discovered PCI @ [00|03|00]  [VID = 0x8086, DID = 0x293E]
   BAR[0]: Type =  Mem32; Alignment = 0x3FFF;	Length = 0x4000;	Offset = 0x10

PciBus: Discovered PCI @ [00|1F|00]  [VID = 0x8086, DID = 0x2918]

PciBus: Discovered PCI @ [00|1F|02]  [VID = 0x8086, DID = 0x2922]
   BAR[4]: Type =   Io32; Alignment = 0x1F;	Length = 0x20;	Offset = 0x20
   BAR[5]: Type =  Mem32; Alignment = 0xFFF;	Length = 0x1000;	Offset = 0x24

PciBus: Discovered PCI @ [00|1F|03]  [VID = 0x8086, DID = 0x2930]
   BAR[4]: Type =   Io32; Alignment = 0x3F;	Length = 0x40;	Offset = 0x20

PCI Bus Second Scanning
PciBus: Discovered PCI @ [00|00|00]  [VID = 0x8086, DID = 0x29C0]

PciBus: Discovered PCI @ [00|01|00]  [VID = 0x1234, DID = 0x1111]
   BAR[0]: Type = PMem32; Alignment = 0xFFFFFF;	Length = 0x1000000;	Offset = 0x10
   BAR[2]: Type =  Mem32; Alignment = 0xFFF;	Length = 0x1000;	Offset = 0x18

PciBus: Discovered PCI @ [00|02|00]  [VID = 0x8086, DID = 0x10D3]
   BAR[0]: Type =  Mem32; Alignment = 0x1FFFF;	Length = 0x20000;	Offset = 0x10
   BAR[1]: Type =  Mem32; Alignment = 0x1FFFF;	Length = 0x20000;	Offset = 0x14
   BAR[2]: Type =   Io32; Alignment = 0x1F;	Length = 0x20;	Offset = 0x18
   BAR[3]: Type =  Mem32; Alignment = 0x3FFF;	Length = 0x4000;	Offset = 0x1C

PciBus: Discovered PCI @ [00|03|00]  [VID = 0x8086, DID = 0x293E]
   BAR[0]: Type =  Mem32; Alignment = 0x3FFF;	Length = 0x4000;	Offset = 0x10

PciBus: Discovered PCI @ [00|1F|00]  [VID = 0x8086, DID = 0x2918]

PciBus: Discovered PCI @ [00|1F|02]  [VID = 0x8086, DID = 0x2922]
   BAR[4]: Type =   Io32; Alignment = 0x1F;	Length = 0x20;	Offset = 0x20
   BAR[5]: Type =  Mem32; Alignment = 0xFFF;	Length = 0x1000;	Offset = 0x24

PciBus: Discovered PCI @ [00|1F|03]  [VID = 0x8086, DID = 0x2930]
   BAR[4]: Type =   Io32; Alignment = 0x3F;	Length = 0x40;	Offset = 0x20

PciBus: Discovered PCI @ [00|00|00]  [VID = 0x8086, DID = 0x29C0]

PciBus: Discovered PCI @ [00|01|00]  [VID = 0x1234, DID = 0x1111]
   BAR[0]: Type = PMem32; Alignment = 0xFFFFFF;	Length = 0x1000000;	Offset = 0x10
   BAR[2]: Type =  Mem32; Alignment = 0xFFF;	Length = 0x1000;	Offset = 0x18

PciBus: Discovered PCI @ [00|02|00]  [VID = 0x8086, DID = 0x10D3]
   BAR[0]: Type =  Mem32; Alignment = 0x1FFFF;	Length = 0x20000;	Offset = 0x10
   BAR[1]: Type =  Mem32; Alignment = 0x1FFFF;	Length = 0x20000;	Offset = 0x14
   BAR[2]: Type =   Io32; Alignment = 0x1F;	Length = 0x20;	Offset = 0x18
   BAR[3]: Type =  Mem32; Alignment = 0x3FFF;	Length = 0x4000;	Offset = 0x1C

PciBus: Discovered PCI @ [00|03|00]  [VID = 0x8086, DID = 0x293E]
   BAR[0]: Type =  Mem32; Alignment = 0x3FFF;	Length = 0x4000;	Offset = 0x10

PciBus: Discovered PCI @ [00|1F|00]  [VID = 0x8086, DID = 0x2918]

PciBus: Discovered PCI @ [00|1F|02]  [VID = 0x8086, DID = 0x2922]
   BAR[4]: Type =   Io32; Alignment = 0x1F;	Length = 0x20;	Offset = 0x20
   BAR[5]: Type =  Mem32; Alignment = 0xFFF;	Length = 0x1000;	Offset = 0x24

PciBus: Discovered PCI @ [00|1F|03]  [VID = 0x8086, DID = 0x2930]
   BAR[4]: Type =   Io32; Alignment = 0x3F;	Length = 0x40;	Offset = 0x20

PciHostBridge: SubmitResources for PciRoot(0x0)
 I/O: Granularity/SpecificFlag = 0 / 01
      Length/Alignment = 0x1000 / 0xFFF
 Mem: Granularity/SpecificFlag = 32 / 00
      Length/Alignment = 0x1100000 / 0xFFFFFF
PciBus: HostBridge->SubmitResources() - Success
PciHostBridge: NotifyPhase (AllocateResources)
 RootBridge: PciRoot(0x0)
  Mem: Base/Length/Alignment = 80000000/1100000/FFFFFF - Success
  I/O: Base/Length/Alignment = 6000/1000/FFF - Success
PciBus: HostBridge->NotifyPhase(AllocateResources) - Success
Process Option ROM: BAR Base/Length = 81000000/40000
PciBus: Resource Map for Root Bridge PciRoot(0x0)
Type =   Io16; Base = 0x6000;	Length = 0x1000;	Alignment = 0xFFF
   Base = 0x6000;	Length = 0x40;	Alignment = 0x3F;	Owner = PCI [00|1F|03:20]
   Base = 0x6040;	Length = 0x20;	Alignment = 0x1F;	Owner = PCI [00|1F|02:20]
   Base = 0x6060;	Length = 0x20;	Alignment = 0x1F;	Owner = PCI [00|02|00:18]
Type =  Mem32; Base = 0x80000000;	Length = 0x1100000;	Alignment = 0xFFFFFF
   Base = 0x80000000;	Length = 0x1000000;	Alignment = 0xFFFFFF;	Owner = PCI [00|01|00:10]; Type = PMem32
   Base = 0x81000000;	Length = 0x40000;	Alignment = 0x3FFFF;	Owner = PCI [00|00|00:00]; Type =  OpRom
   Base = 0x81040000;	Length = 0x20000;	Alignment = 0x1FFFF;	Owner = PCI [00|02|00:14]
   Base = 0x81060000;	Length = 0x20000;	Alignment = 0x1FFFF;	Owner = PCI [00|02|00:10]
   Base = 0x81080000;	Length = 0x4000;	Alignment = 0x3FFF;	Owner = PCI [00|03|00:10]
   Base = 0x81084000;	Length = 0x4000;	Alignment = 0x3FFF;	Owner = PCI [00|02|00:1C]
   Base = 0x81088000;	Length = 0x1000;	Alignment = 0xFFF;	Owner = PCI [00|1F|02:24]
   Base = 0x81089000;	Length = 0x1000;	Alignment = 0xFFF;	Owner = PCI [00|01|00:18]

InstallProtocolInterface: 09576E91-6D3F-11D2-8E39-00A0C969723B E8FEB98
InstallProtocolInterface: 4CF5B200-68B8-4CA5-9EEC-B23E3F50029A E8FE5A8
InstallProtocolInterface: 09576E91-6D3F-11D2-8E39-00A0C969723B E8FDE98
InstallProtocolInterface: 4CF5B200-68B8-4CA5-9EEC-B23E3F50029A E8FD028
InstallProtocolInterface: 09576E91-6D3F-11D2-8E39-00A0C969723B E8FDF18
InstallProtocolInterface: 4CF5B200-68B8-4CA5-9EEC-B23E3F50029A E8FD428
InstallProtocolInterface: 4006C0C1-FCB3-403E-996D-4A6C8724E06D E8FD4F0
[Security] 3rd party image[0] is deferred to load before EndOfDxe: PciRoot(0x0)/Pci(0x2,0x0)/Offset(0x17000,0x393FF).
InstallProtocolInterface: 3BC1B285-8A15-4A82-AABF-4D7D13FB3265 E8FD4D8
InstallProtocolInterface: 09576E91-6D3F-11D2-8E39-00A0C969723B E8FDF98
InstallProtocolInterface: 4CF5B200-68B8-4CA5-9EEC-B23E3F50029A E8FD828
InstallProtocolInterface: 09576E91-6D3F-11D2-8E39-00A0C969723B E8FCE98
InstallProtocolInterface: 4CF5B200-68B8-4CA5-9EEC-B23E3F50029A E8FC028
InstallProtocolInterface: 09576E91-6D3F-11D2-8E39-00A0C969723B E8FCF18
InstallProtocolInterface: 4CF5B200-68B8-4CA5-9EEC-B23E3F50029A E8FC428
InstallProtocolInterface: 09576E91-6D3F-11D2-8E39-00A0C969723B E8FCF98
InstallProtocolInterface: 4CF5B200-68B8-4CA5-9EEC-B23E3F50029A E8FC828
InstallProtocolInterface: 30CFE3E7-3DE1-4586-BE20-DEABA1B3B793 0
OnRootBridgesConnected: root bridges have been connected, installing ACPI tables
Select Item: 0x19
InternalQemuFwCfgCacheReadBytes: found Item 0x19 in FwCfg Cache
InternalQemuFwCfgCacheReadBytes: found Item 0x19 in FwCfg Cache
InternalQemuFwCfgCacheReadBytes: found Item 0x19 in FwCfg Cache
InternalQemuFwCfgCacheReadBytes: found Item 0x19 in FwCfg Cache
InternalQemuFwCfgCacheReadBytes: found Item 0x19 in FwCfg Cache
InternalQemuFwCfgCacheReadBytes: found Item 0x19 in FwCfg Cache
InternalQemuFwCfgCacheReadBytes: found Item 0x19 in FwCfg Cache
InternalQemuFwCfgCacheReadBytes: found Item 0x19 in FwCfg Cache
InternalQemuFwCfgCacheReadBytes: found Item 0x19 in FwCfg Cache
InternalQemuFwCfgCacheReadBytes: found Item 0x19 in FwCfg Cache
InternalQemuFwCfgCacheReadBytes: found Item 0x19 in FwCfg Cache
InternalQemuFwCfgCacheReadBytes: found Item 0x19 in FwCfg Cache
InternalQemuFwCfgCacheReadBytes: found Item 0x19 in FwCfg Cache
InternalQemuFwCfgCacheReadBytes: found Item 0x19 in FwCfg Cache
InternalQemuFwCfgCacheReadBytes: found Item 0x19 in FwCfg Cache
InternalQemuFwCfgCacheReadBytes: found Item 0x19 in FwCfg Cache
InternalQemuFwCfgCacheReadBytes: found Item 0x19 in FwCfg Cache
InternalQemuFwCfgCacheReadBytes: found Item 0x19 in FwCfg Cache
InternalQemuFwCfgCacheReadBytes: found Item 0x19 in FwCfg Cache
InternalQemuFwCfgCacheReadBytes: found Item 0x19 in FwCfg Cache
InternalQemuFwCfgCacheReadBytes: found Item 0x19 in FwCfg Cache
InternalQemuFwCfgCacheReadBytes: found Item 0x19 in FwCfg Cache
InternalQemuFwCfgCacheReadBytes: found Item 0x19 in FwCfg Cache
InternalQemuFwCfgCacheReadBytes: found Item 0x19 in FwCfg Cache
InternalQemuFwCfgCacheReadBytes: found Item 0x19 in FwCfg Cache
InternalQemuFwCfgCacheReadBytes: found Item 0x19 in FwCfg Cache
InternalQemuFwCfgCacheReadBytes: found Item 0x19 in FwCfg Cache
InternalQemuFwCfgCacheReadBytes: found Item 0x19 in FwCfg Cache
InternalQemuFwCfgCacheReadBytes: found Item 0x19 in FwCfg Cache
InternalQemuFwCfgCacheReadBytes: found Item 0x19 in FwCfg Cache
InternalQemuFwCfgCacheReadBytes: found Item 0x19 in FwCfg Cache
InternalQemuFwCfgCacheReadBytes: found Item 0x19 in FwCfg Cache
InternalQemuFwCfgCacheReadBytes: found Item 0x19 in FwCfg Cache
InternalQemuFwCfgCacheReadBytes: found Item 0x19 in FwCfg Cache
InternalQemuFwCfgCacheReadBytes: found Item 0x19 in FwCfg Cache
InternalQemuFwCfgCacheReadBytes: found Item 0x19 in FwCfg Cache
InternalQemuFwCfgCacheReadBytes: found Item 0x19 in FwCfg Cache
InternalQemuFwCfgCacheReadBytes: found Item 0x19 in FwCfg Cache
InternalQemuFwCfgCacheReadBytes: found Item 0x19 in FwCfg Cache
InternalQemuFwCfgCacheReadBytes: found Item 0x19 in FwCfg Cache
InternalQemuFwCfgCacheReadBytes: found Item 0x19 in FwCfg Cache
InternalQemuFwCfgCacheReadBytes: found Item 0x19 in FwCfg Cache
InternalQemuFwCfgCacheReadBytes: found Item 0x19 in FwCfg Cache
InternalQemuFwCfgCacheReadBytes: found Item 0x19 in FwCfg Cache
InternalQemuFwCfgCacheReadBytes: found Item 0x19 in FwCfg Cache
InternalQemuFwCfgCacheReadBytes: found Item 0x19 in FwCfg Cache
InternalQemuFwCfgCacheReadBytes: found Item 0x19 in FwCfg Cache
InternalQemuFwCfgCacheReadBytes: found Item 0x19 in FwCfg Cache
InternalQemuFwCfgCacheReadBytes: found Item 0x19 in FwCfg Cache
InternalQemuFwCfgCacheReadBytes: found Item 0x19 in FwCfg Cache
InternalQemuFwCfgCacheReadBytes: found Item 0x19 in FwCfg Cache
InternalQemuFwCfgCacheReadBytes: found Item 0x19 in FwCfg Cache
InternalQemuFwCfgCacheReadBytes: found Item 0x19 in FwCfg Cache
Select Item: 0x2C
CollectAllocationsRestrictedTo32Bit: restricting blob "etc/acpi/tables" from 64-bit allocation
Select Item: 0x19
InternalQemuFwCfgCacheReadBytes: found Item 0x19 in FwCfg Cache
InternalQemuFwCfgCacheReadBytes: found Item 0x19 in FwCfg Cache
InternalQemuFwCfgCacheReadBytes: found Item 0x19 in FwCfg Cache
InternalQemuFwCfgCacheReadBytes: found Item 0x19 in FwCfg Cache
InternalQemuFwCfgCacheReadBytes: found Item 0x19 in FwCfg Cache
InternalQemuFwCfgCacheReadBytes: found Item 0x19 in FwCfg Cache
InternalQemuFwCfgCacheReadBytes: found Item 0x19 in FwCfg Cache
InternalQemuFwCfgCacheReadBytes: found Item 0x19 in FwCfg Cache
InternalQemuFwCfgCacheReadBytes: found Item 0x19 in FwCfg Cache
InternalQemuFwCfgCacheReadBytes: found Item 0x19 in FwCfg Cache
InternalQemuFwCfgCacheReadBytes: found Item 0x19 in FwCfg Cache
InternalQemuFwCfgCacheReadBytes: found Item 0x19 in FwCfg Cache
InternalQemuFwCfgCacheReadBytes: found Item 0x19 in FwCfg Cache
InternalQemuFwCfgCacheReadBytes: found Item 0x19 in FwCfg Cache
InternalQemuFwCfgCacheReadBytes: found Item 0x19 in FwCfg Cache
InternalQemuFwCfgCacheReadBytes: found Item 0x19 in FwCfg Cache
InternalQemuFwCfgCacheReadBytes: found Item 0x19 in FwCfg Cache
InternalQemuFwCfgCacheReadBytes: found Item 0x19 in FwCfg Cache
InternalQemuFwCfgCacheReadBytes: found Item 0x19 in FwCfg Cache
InternalQemuFwCfgCacheReadBytes: found Item 0x19 in FwCfg Cache
InternalQemuFwCfgCacheReadBytes: found Item 0x19 in FwCfg Cache
InternalQemuFwCfgCacheReadBytes: found Item 0x19 in FwCfg Cache
InternalQemuFwCfgCacheReadBytes: found Item 0x19 in FwCfg Cache
InternalQemuFwCfgCacheReadBytes: found Item 0x19 in FwCfg Cache
InternalQemuFwCfgCacheReadBytes: found Item 0x19 in FwCfg Cache
InternalQemuFwCfgCacheReadBytes: found Item 0x19 in FwCfg Cache
InternalQemuFwCfgCacheReadBytes: found Item 0x19 in FwCfg Cache
InternalQemuFwCfgCacheReadBytes: found Item 0x19 in FwCfg Cache
InternalQemuFwCfgCacheReadBytes: found Item 0x19 in FwCfg Cache
InternalQemuFwCfgCacheReadBytes: found Item 0x19 in FwCfg Cache
InternalQemuFwCfgCacheReadBytes: found Item 0x19 in FwCfg Cache
InternalQemuFwCfgCacheReadBytes: found Item 0x19 in FwCfg Cache
InternalQemuFwCfgCacheReadBytes: found Item 0x19 in FwCfg Cache
InternalQemuFwCfgCacheReadBytes: found Item 0x19 in FwCfg Cache
InternalQemuFwCfgCacheReadBytes: found Item 0x19 in FwCfg Cache
InternalQemuFwCfgCacheReadBytes: found Item 0x19 in FwCfg Cache
InternalQemuFwCfgCacheReadBytes: found Item 0x19 in FwCfg Cache
InternalQemuFwCfgCacheReadBytes: found Item 0x19 in FwCfg Cache
InternalQemuFwCfgCacheReadBytes: found Item 0x19 in FwCfg Cache
InternalQemuFwCfgCacheReadBytes: found Item 0x19 in FwCfg Cache
InternalQemuFwCfgCacheReadBytes: found Item 0x19 in FwCfg Cache
InternalQemuFwCfgCacheReadBytes: found Item 0x19 in FwCfg Cache
InternalQemuFwCfgCacheReadBytes: found Item 0x19 in FwCfg Cache
InternalQemuFwCfgCacheReadBytes: found Item 0x19 in FwCfg Cache
InternalQemuFwCfgCacheReadBytes: found Item 0x19 in FwCfg Cache
InternalQemuFwCfgCacheReadBytes: found Item 0x19 in FwCfg Cache
InternalQemuFwCfgCacheReadBytes: found Item 0x19 in FwCfg Cache
InternalQemuFwCfgCacheReadBytes: found Item 0x19 in FwCfg Cache
InternalQemuFwCfgCacheReadBytes: found Item 0x19 in FwCfg Cache
Select Item: 0x2B
InternalQemuFwCfgCacheReadBytes: found Item 0x2B in FwCfg Cache
Select Item: 0x19
InternalQemuFwCfgCacheReadBytes: found Item 0x19 in FwCfg Cache
InternalQemuFwCfgCacheReadBytes: found Item 0x19 in FwCfg Cache
InternalQemuFwCfgCacheReadBytes: found Item 0x19 in FwCfg Cache
InternalQemuFwCfgCacheReadBytes: found Item 0x19 in FwCfg Cache
InternalQemuFwCfgCacheReadBytes: found Item 0x19 in FwCfg Cache
InternalQemuFwCfgCacheReadBytes: found Item 0x19 in FwCfg Cache
InternalQemuFwCfgCacheReadBytes: found Item 0x19 in FwCfg Cache
InternalQemuFwCfgCacheReadBytes: found Item 0x19 in FwCfg Cache
InternalQemuFwCfgCacheReadBytes: found Item 0x19 in FwCfg Cache
InternalQemuFwCfgCacheReadBytes: found Item 0x19 in FwCfg Cache
InternalQemuFwCfgCacheReadBytes: found Item 0x19 in FwCfg Cache
InternalQemuFwCfgCacheReadBytes: found Item 0x19 in FwCfg Cache
InternalQemuFwCfgCacheReadBytes: found Item 0x19 in FwCfg Cache
Select Item: 0x22
ProcessCmdAllocate: File="etc/acpi/rsdp" Alignment=0x10 Zone=2 Size=0x14 Address=0xF7FE000
Select Item: 0x19
InternalQemuFwCfgCacheReadBytes: found Item 0x19 in FwCfg Cache
InternalQemuFwCfgCacheReadBytes: found Item 0x19 in FwCfg Cache
InternalQemuFwCfgCacheReadBytes: found Item 0x19 in FwCfg Cache
InternalQemuFwCfgCacheReadBytes: found Item 0x19 in FwCfg Cache
InternalQemuFwCfgCacheReadBytes: found Item 0x19 in FwCfg Cache
InternalQemuFwCfgCacheReadBytes: found Item 0x19 in FwCfg Cache
InternalQemuFwCfgCacheReadBytes: found Item 0x19 in FwCfg Cache
InternalQemuFwCfgCacheReadBytes: found Item 0x19 in FwCfg Cache
InternalQemuFwCfgCacheReadBytes: found Item 0x19 in FwCfg Cache
InternalQemuFwCfgCacheReadBytes: found Item 0x19 in FwCfg Cache
InternalQemuFwCfgCacheReadBytes: found Item 0x19 in FwCfg Cache
InternalQemuFwCfgCacheReadBytes: found Item 0x19 in FwCfg Cache
InternalQemuFwCfgCacheReadBytes: found Item 0x19 in FwCfg Cache
InternalQemuFwCfgCacheReadBytes: found Item 0x19 in FwCfg Cache
InternalQemuFwCfgCacheReadBytes: found Item 0x19 in FwCfg Cache
InternalQemuFwCfgCacheReadBytes: found Item 0x19 in FwCfg Cache
InternalQemuFwCfgCacheReadBytes: found Item 0x19 in FwCfg Cache
Select Item: 0x23
ProcessCmdAllocate: File="etc/acpi/tables" Alignment=0x40 Zone=1 Size=0x20000 Address=0xF7DE000
ProcessCmdAddChecksum: File="etc/acpi/tables" ResultOffset=0x49 Start=0x40 Length=0x211A
ProcessCmdAddPointer: PointerFile="etc/acpi/tables" PointeeFile="etc/acpi/tables" PointerOffset=0x217E PointerSize=4
ProcessCmdAddPointer: PointerFile="etc/acpi/tables" PointeeFile="etc/acpi/tables" PointerOffset=0x2182 PointerSize=4
ProcessCmdAddPointer: PointerFile="etc/acpi/tables" PointeeFile="etc/acpi/tables" PointerOffset=0x21E6 PointerSize=8
ProcessCmdAddChecksum: File="etc/acpi/tables" ResultOffset=0x2163 Start=0x215A Length=0xF4
ProcessCmdAddChecksum: File="etc/acpi/tables" ResultOffset=0x2257 Start=0x224E Length=0x78
ProcessCmdAddChecksum: File="etc/acpi/tables" ResultOffset=0x22CF Start=0x22C6 Length=0x38
ProcessCmdAddChecksum: File="etc/acpi/tables" ResultOffset=0x2307 Start=0x22FE Length=0x3C
ProcessCmdAddChecksum: File="etc/acpi/tables" ResultOffset=0x2343 Start=0x233A Length=0x28
ProcessCmdAddPointer: PointerFile="etc/acpi/tables" PointeeFile="etc/acpi/tables" PointerOffset=0x2386 PointerSize=4
ProcessCmdAddPointer: PointerFile="etc/acpi/tables" PointeeFile="etc/acpi/tables" PointerOffset=0x238A PointerSize=4
ProcessCmdAddPointer: PointerFile="etc/acpi/tables" PointeeFile="etc/acpi/tables" PointerOffset=0x238E PointerSize=4
ProcessCmdAddPointer: PointerFile="etc/acpi/tables" PointeeFile="etc/acpi/tables" PointerOffset=0x2392 PointerSize=4
ProcessCmdAddPointer: PointerFile="etc/acpi/tables" PointeeFile="etc/acpi/tables" PointerOffset=0x2396 PointerSize=4
ProcessCmdAddChecksum: File="etc/acpi/tables" ResultOffset=0x236B Start=0x2362 Length=0x38
ProcessCmdAddPointer: PointerFile="etc/acpi/rsdp" PointeeFile="etc/acpi/tables" PointerOffset=0x10 PointerSize=4
ProcessCmdAddChecksum: File="etc/acpi/rsdp" ResultOffset=0x8 Start=0x0 Length=0x14
InstallQemuFwCfgTables: unknown loader command: 0x0
InstallQemuFwCfgTables: unknown loader command: 0x0
InstallQemuFwCfgTables: unknown loader command: 0x0
InstallQemuFwCfgTables: unknown loader command: 0x0
InstallQemuFwCfgTables: unknown loader command: 0x0
InstallQemuFwCfgTables: unknown loader command: 0x0
InstallQemuFwCfgTables: unknown loader command: 0x0
InstallQemuFwCfgTables: unknown loader command: 0x0
InstallQemuFwCfgTables: unknown loader command: 0x0
InstallQemuFwCfgTables: unknown loader command: 0x0
InstallQemuFwCfgTables: unknown loader command: 0x0
InstallQemuFwCfgTables: unknown loader command: 0x0
InstallQemuFwCfgTables: unknown loader command: 0x0
Process2ndPassCmdAddPointer: checking for ACPI header in "etc/acpi/tables" at 0xF7DE000 (remaining: 0x20000): found "FACS" size 0x40
Process2ndPassCmdAddPointer: checking for ACPI header in "etc/acpi/tables" at 0xF7DE040 (remaining: 0x1FFC0): found "DSDT" size 0x211A
Process2ndPassCmdAddPointer: PointerValue=0xF7DE040 already processed, skipping.
Process2ndPassCmdAddPointer: checking for ACPI header in "etc/acpi/tables" at 0xF7E015A (remaining: 0x1DEA6): found "FACP" size 0xF4
Process2ndPassCmdAddPointer: checking for ACPI header in "etc/acpi/tables" at 0xF7E024E (remaining: 0x1DDB2): found "APIC" size 0x78
Process2ndPassCmdAddPointer: checking for ACPI header in "etc/acpi/tables" at 0xF7E02C6 (remaining: 0x1DD3A): found "HPET" size 0x38
Process2ndPassCmdAddPointer: checking for ACPI header in "etc/acpi/tables" at 0xF7E02FE (remaining: 0x1DD02): found "MCFG" size 0x3C
Process2ndPassCmdAddPointer: checking for ACPI header in "etc/acpi/tables" at 0xF7E033A (remaining: 0x1DCC6): found "WAET" size 0x28
Process2ndPassCmdAddPointer: checking for ACPI header in "etc/acpi/tables" at 0xF7E0362 (remaining: 0x1DC9E): found "RSDT" size 0x38
InstallProtocolInterface: 928939B2-4235-462F-9580-F6A2B2C21A4F 0
InstallQemuFwCfgTables: installed 7 tables
InstallQemuFwCfgTables: freeing "etc/acpi/rsdp"
EfiGetMemoryAttributes: 0xF7FE000 - 0x1000
EfiGetMemoryAttributes: Attributes is 0x0
InstallQemuFwCfgTables: freeing "etc/acpi/tables"
EfiGetMemoryAttributes: 0xF7DE000 - 0x20000
EfiGetMemoryAttributes: Attributes is 0x0
PcRtc: Write 0x20 to CMOS location 0x32
MemoryAttributesTable:
  Version              - 0x00000002
  NumberOfEntries      - 0x00000016
  DescriptorSize       - 0x00000030
Entry (0xE8B1028)
  Type              - 0x6
  PhysicalStart     - 0x000000000F4ED000
  VirtualStart      - 0x0000000000000000
  NumberOfPages     - 0x0000000000000100
  Attribute         - 0x8000000000004000
Entry (0xE8B1058)
  Type              - 0x5
  PhysicalStart     - 0x000000000F5ED000
  VirtualStart      - 0x0000000000000000
  NumberOfPages     - 0x00000000000000C4
  Attribute         - 0x8000000000024000
Entry (0xE8B1088)
  Type              - 0x5
  PhysicalStart     - 0x000000000F6B1000
  VirtualStart      - 0x0000000000000000
  NumberOfPages     - 0x0000000000000001
  Attribute         - 0x8000000000004000
Entry (0xE8B10B8)
  Type              - 0x5
  PhysicalStart     - 0x000000000F6B2000
  VirtualStart      - 0x0000000000000000
  NumberOfPages     - 0x0000000000000002
  Attribute         - 0x8000000000020000
Entry (0xE8B10E8)
  Type              - 0x5
  PhysicalStart     - 0x000000000F6B4000
  VirtualStart      - 0x0000000000000000
  NumberOfPages     - 0x0000000000000002
  Attribute         - 0x8000000000004000
Entry (0xE8B1118)
  Type              - 0x5
  PhysicalStart     - 0x000000000F6B6000
  VirtualStart      - 0x0000000000000000
  NumberOfPages     - 0x0000000000000002
  Attribute         - 0x8000000000020000
Entry (0xE8B1148)
  Type              - 0x5
  PhysicalStart     - 0x000000000F6B8000
  VirtualStart      - 0x0000000000000000
  NumberOfPages     - 0x0000000000000002
  Attribute         - 0x8000000000004000
Entry (0xE8B1178)
  Type              - 0x5
  PhysicalStart     - 0x000000000F6BA000
  VirtualStart      - 0x0000000000000000
  NumberOfPages     - 0x0000000000000004
  Attribute         - 0x8000000000020000
Entry (0xE8B11A8)
  Type              - 0x5
  PhysicalStart     - 0x000000000F6BE000
  VirtualStart      - 0x0000000000000000
  NumberOfPages     - 0x0000000000000002
  Attribute         - 0x8000000000004000
Entry (0xE8B11D8)
  Type              - 0x5
  PhysicalStart     - 0x000000000F6C0000
  VirtualStart      - 0x0000000000000000
  NumberOfPages     - 0x0000000000000002
  Attribute         - 0x8000000000020000
Entry (0xE8B1208)
  Type              - 0x5
  PhysicalStart     - 0x000000000F6C2000
  VirtualStart      - 0x0000000000000000
  NumberOfPages     - 0x0000000000000002
  Attribute         - 0x8000000000004000
Entry (0xE8B1238)
  Type              - 0x5
  PhysicalStart     - 0x000000000F6C4000
  VirtualStart      - 0x0000000000000000
  NumberOfPages     - 0x000000000000000D
  Attribute         - 0x8000000000020000
Entry (0xE8B1268)
  Type              - 0x5
  PhysicalStart     - 0x000000000F6D1000
  VirtualStart      - 0x0000000000000000
  NumberOfPages     - 0x0000000000000003
  Attribute         - 0x8000000000004000
Entry (0xE8B1298)
  Type              - 0x5
  PhysicalStart     - 0x000000000F6D4000
  VirtualStart      - 0x0000000000000000
  NumberOfPages     - 0x0000000000000003
  Attribute         - 0x8000000000020000
Entry (0xE8B12C8)
  Type              - 0x5
  PhysicalStart     - 0x000000000F6D7000
  VirtualStart      - 0x0000000000000000
  NumberOfPages     - 0x0000000000000003
  Attribute         - 0x8000000000004000
Entry (0xE8B12F8)
  Type              - 0x5
  PhysicalStart     - 0x000000000F6DA000
  VirtualStart      - 0x0000000000000000
  NumberOfPages     - 0x0000000000000003
  Attribute         - 0x8000000000020000
Entry (0xE8B1328)
  Type              - 0x5
  PhysicalStart     - 0x000000000F6DD000
  VirtualStart      - 0x0000000000000000
  NumberOfPages     - 0x0000000000000003
  Attribute         - 0x8000000000004000
Entry (0xE8B1358)
  Type              - 0x5
  PhysicalStart     - 0x000000000F6E0000
  VirtualStart      - 0x0000000000000000
  NumberOfPages     - 0x0000000000000003
  Attribute         - 0x8000000000020000
Entry (0xE8B1388)
  Type              - 0x5
  PhysicalStart     - 0x000000000F6E3000
  VirtualStart      - 0x0000000000000000
  NumberOfPages     - 0x0000000000000003
  Attribute         - 0x8000000000004000
Entry (0xE8B13B8)
  Type              - 0x5
  PhysicalStart     - 0x000000000F6E6000
  VirtualStart      - 0x0000000000000000
  NumberOfPages     - 0x0000000000000005
  Attribute         - 0x8000000000020000
Entry (0xE8B13E8)
  Type              - 0x5
  PhysicalStart     - 0x000000000F6EB000
  VirtualStart      - 0x0000000000000000
  NumberOfPages     - 0x0000000000000002
  Attribute         - 0x8000000000004000
Entry (0xE8B1418)
  Type              - 0x6
  PhysicalStart     - 0x000000000FF58000
  VirtualStart      - 0x0000000000000000
  NumberOfPages     - 0x0000000000000020
  Attribute         - 0x8000000000004000
DXE - Total Runtime Image Count: 0x9
DXE - Dump Runtime Image Records:
CapsuleRuntimeDxe.efi: 0xF6B1000 - 0xF6B5000
  Code Section: 0xF6B2000 - 0xF6B4000
MonotonicCounterRuntimeDxe.efi: 0xF6B5000 - 0xF6B9000
  Code Section: 0xF6B6000 - 0xF6B8000
PcRtc.efi: 0xF6B9000 - 0xF6BF000
  Code Section: 0xF6BA000 - 0xF6BE000
StatusCodeHandlerRuntimeDxe.efi: 0xF6BF000 - 0xF6C3000
  Code Section: 0xF6C0000 - 0xF6C2000
VariableRuntimeDxe.efi: 0xF6C3000 - 0xF6D3000
  Code Section: 0xF6C4000 - 0xF6D1000
ResetSystemRuntimeDxe.efi: 0xF6D3000 - 0xF6D9000
  Code Section: 0xF6D4000 - 0xF6D7000
RuntimeDxe.efi: 0xF6D9000 - 0xF6DF000
  Code Section: 0xF6DA000 - 0xF6DD000
ReportStatusCodeRouterRuntimeDxe.efi: 0xF6DF000 - 0xF6E5000
  Code Section: 0xF6E0000 - 0xF6E3000
FvbServicesRuntimeDxe.efi: 0xF6E5000 - 0xF6ED000
  Code Section: 0xF6E6000 - 0xF6EB000
[Variable]END_OF_DXE is signaled
Initialize variable error flag (FF)
AcpiS3ContextSave!
SaveLockBox: Guid=DEA652B0-D587-4C54-B5B4-C682E7A0AA3D Buffer=F76A000 Length=0xA
SetLockBoxAttributes: Guid=DEA652B0-D587-4C54-B5B4-C682E7A0AA3D Attributes=0x1
AcpiS3ContextSave TotalPageTableSize - 0xE pages
AcpiS3Context: AcpiFacsTable is 0x F7DD000
AcpiS3Context: IdtrProfile is 0x F76A000
AcpiS3Context: S3NvsPageTableAddress is 0x F75B000
AcpiS3Context: S3DebugBufferAddress is 0x F752000
AcpiS3Context: BootScriptStackBase is 0x F753000
AcpiS3Context: BootScriptStackSize is 0x    8000
SaveLockBox: Guid=AF9FFD67-EC10-488A-9DFC-6CBF5EE22C2E Buffer=FEE37E8 Length=0x8
SaveLockBox: Guid=0EF98D3A-3E33-497A-A401-77BE3EB74F38 Buffer=F76B000 Length=0x30
SetLockBoxAttributes: Guid=0EF98D3A-3E33-497A-A401-77BE3EB74F38 Attributes=0x1
Found PCI display device
QemuVideo: QEMU Standard VGA detected
QemuVideo: Using mmio bar @ 0x81089000
InstallProtocolInterface: 09576E91-6D3F-11D2-8E39-00A0C969723B E8CF798
QemuVideoBochsModeSetup: AvailableFbSize=0x1000000
QemuVideoBochsEdid: blob found (extensions: 1)
QemuVideoBochsEdid: default resolution: 1280x800
Adding Bochs Internal Mode 0: 1280x800, 32-bit
Adding Bochs Internal Mode 1: 640x480, 32-bit
Adding Bochs Internal Mode 2: 800x480, 32-bit
Adding Bochs Internal Mode 3: 800x600, 32-bit
Adding Bochs Internal Mode 4: 832x624, 32-bit
Adding Bochs Internal Mode 5: 960x640, 32-bit
Adding Bochs Internal Mode 6: 1024x600, 32-bit
Adding Bochs Internal Mode 7: 1024x768, 32-bit
Adding Bochs Internal Mode 8: 1152x864, 32-bit
Adding Bochs Internal Mode 9: 1152x870, 32-bit
Adding Bochs Internal Mode 10: 1280x720, 32-bit
Adding Bochs Internal Mode 11: 1280x760, 32-bit
Adding Bochs Internal Mode 12: 1280x768, 32-bit
Adding Bochs Internal Mode 13: 1280x960, 32-bit
Adding Bochs Internal Mode 14: 1280x1024, 32-bit
Adding Bochs Internal Mode 15: 1360x768, 32-bit
Adding Bochs Internal Mode 16: 1366x768, 32-bit
Adding Bochs Internal Mode 17: 1400x1050, 32-bit
Adding Bochs Internal Mode 18: 1440x900, 32-bit
Adding Bochs Internal Mode 19: 1600x900, 32-bit
Adding Bochs Internal Mode 20: 1600x1200, 32-bit
Adding Bochs Internal Mode 21: 1680x1050, 32-bit
Adding Bochs Internal Mode 22: 1920x1080, 32-bit
Adding Bochs Internal Mode 23: 1920x1200, 32-bit
Adding Bochs Internal Mode 24: 1920x1440, 32-bit
Adding Bochs Internal Mode 25: 2000x2000, 32-bit
Adding Bochs Internal Mode 26: 2048x1536, 32-bit
Adding Bochs Internal Mode 27: 2048x2048, 32-bit
Adding Bochs Internal Mode 28: 2560x1440, 32-bit
Adding Bochs Internal Mode 29: 2560x1600, 32-bit
Skipping Bochs Mode 2560x2048, 32-bit (not enough vram)
Skipping Bochs Mode 2800x2100, 32-bit (not enough vram)
Skipping Bochs Mode 3200x2400, 32-bit (not enough vram)
Skipping Bochs Mode 3840x2160, 32-bit (not enough vram)
Skipping Bochs Mode 4096x2160, 32-bit (not enough vram)
Skipping Bochs Mode 7680x4320, 32-bit (not enough vram)
Skipping Bochs Mode 8192x4320, 32-bit (not enough vram)
InitializeBochsGraphicsMode: 1280x800 @ 32
PixelBlueGreenRedReserved8BitPerColor
FrameBufferBase: 0x80000000, FrameBufferSize: 0x3E8000
0: shl:0 shr:0 mask:FF0000
1: shl:0 shr:0 mask:FF00
2: shl:0 shr:0 mask:FF
Bytes per pixel: 4
0: shl:0 shr:0 mask:FF0000
1: shl:0 shr:0 mask:FF00
2: shl:0 shr:0 mask:FF
Bytes per pixel: 4
InstallProtocolInterface: 9042A9DE-23DC-4A38-96FB-7ADED080516A E8B1838
PixelBlueGreenRedReserved8BitPerColor
PixelBlueGreenRedReserved8BitPerColor
PixelBlueGreenRedReserved8BitPerColor
PixelBlueGreenRedReserved8BitPerColor
PixelBlueGreenRedReserved8BitPerColor
PixelBlueGreenRedReserved8BitPerColor
PixelBlueGreenRedReserved8BitPerColor
PixelBlueGreenRedReserved8BitPerColor
PixelBlueGreenRedReserved8BitPerColor
PixelBlueGreenRedReserved8BitPerColor
PixelBlueGreenRedReserved8BitPerColor
PixelBlueGreenRedReserved8BitPerColor
PixelBlueGreenRedReserved8BitPerColor
PixelBlueGreenRedReserved8BitPerColor
PixelBlueGreenRedReserved8BitPerColor
PixelBlueGreenRedReserved8BitPerColor
PixelBlueGreenRedReserved8BitPerColor
PixelBlueGreenRedReserved8BitPerColor
PixelBlueGreenRedReserved8BitPerColor
PixelBlueGreenRedReserved8BitPerColor
PixelBlueGreenRedReserved8BitPerColor
PixelBlueGreenRedReserved8BitPerColor
PixelBlueGreenRedReserved8BitPerColor
PixelBlueGreenRedReserved8BitPerColor
PixelBlueGreenRedReserved8BitPerColor
PixelBlueGreenRedReserved8BitPerColor
PixelBlueGreenRedReserved8BitPerColor
PixelBlueGreenRedReserved8BitPerColor
PixelBlueGreenRedReserved8BitPerColor
PixelBlueGreenRedReserved8BitPerColor
ValidateSetVariable - Variable (8BE4DF61-93CA-11D2-AA0D-00E098032B8C:ConOutDev) returning Success.
ValidateSetVariable - Variable (8BE4DF61-93CA-11D2-AA0D-00E098032B8C:ConOutDev) returning Success.
ValidateSetVariable - Variable (8BE4DF61-93CA-11D2-AA0D-00E098032B8C:ConOut) returning Success.
Found LPC Bridge device
ValidateSetVariable - Variable (8BE4DF61-93CA-11D2-AA0D-00E098032B8C:ConIn) returning Success.
BdsPlatform.c+565: COM1 DevPath: PciRoot(0x0)/Pci(0x1F,0x0)/Serial(0x0)/Uart(115200,8,N,1)/VenMsg(AD15A0D6-8BEC-4ACF-A073-D01DE77E2D88)
ValidateSetVariable - Variable (8BE4DF61-93CA-11D2-AA0D-00E098032B8C:ConOut) returning Success.
ValidateSetVariable - Variable (8BE4DF61-93CA-11D2-AA0D-00E098032B8C:ConIn) returning Success.
ValidateSetVariable - Variable (8BE4DF61-93CA-11D2-AA0D-00E098032B8C:ErrOut) returning Success.
BdsPlatform.c+603: COM2 DevPath: PciRoot(0x0)/Pci(0x1F,0x0)/Serial(0x1)/Uart(115200,8,N,1)/VenMsg(AD15A0D6-8BEC-4ACF-A073-D01DE77E2D88)
ValidateSetVariable - Variable (8BE4DF61-93CA-11D2-AA0D-00E098032B8C:ConOut) returning Success.
ValidateSetVariable - Variable (8BE4DF61-93CA-11D2-AA0D-00E098032B8C:ConIn) returning Success.
ValidateSetVariable - Variable (8BE4DF61-93CA-11D2-AA0D-00E098032B8C:ErrOut) returning Success.
ValidateSetVariable - Variable (8BE4DF61-93CA-11D2-AA0D-00E098032B8C:ConIn) returning Success.
ValidateSetVariable - Variable (8BE4DF61-93CA-11D2-AA0D-00E098032B8C:ConOut) returning Success.
ValidateSetVariable - Variable (8BE4DF61-93CA-11D2-AA0D-00E098032B8C:ErrOut) returning Success.
ValidateSetVariable - Variable (8BE4DF61-93CA-11D2-AA0D-00E098032B8C:ConIn) returning Success.
ValidateSetVariable - Variable (8BE4DF61-93CA-11D2-AA0D-00E098032B8C:ConOut) returning Success.
InstallProtocolInterface: 60FF8964-E906-41D0-AFED-F241E974E08E 0
InstallProtocolInterface: FA20568B-548B-4B2B-81EF-1BA08D4A3CEC 0
SaveLockBox: Guid=3079818C-46D4-4A73-AEF3-E3E46CF1EEDB Buffer=FEE3598 Length=0x8
SaveLockBox: Guid=79CB58C4-AC51-442F-AFD7-98E47D2E9908 Buffer=F736000 Length=0x8
SetLockBoxAttributes: Guid=79CB58C4-AC51-442F-AFD7-98E47D2E9908 Attributes=0x1
SaveLockBox: Guid=9A8D3433-9FE8-42B6-870B-1E31C84EBE3B Buffer=F737000 Length=0x16AC0
SetLockBoxAttributes: Guid=9A8D3433-9FE8-42B6-870B-1E31C84EBE3B Attributes=0x1
SaveLockBox: Guid=AEA6B965-DCF5-4311-B4B8-0F12464494D2 Buffer=F74E000 Length=0x4000
SetLockBoxAttributes: Guid=AEA6B965-DCF5-4311-B4B8-0F12464494D2 Attributes=0x1
SaveLockBox: Guid=1810AB4A-2314-4DF6-81EB-67C6EC058591 Buffer=F76C000 Length=0x8
SetLockBoxAttributes: Guid=1810AB4A-2314-4DF6-81EB-67C6EC058591 Attributes=0x1
[Security] 3rd party image[E8D0D18] can be loaded after EndOfDxe: PciRoot(0x0)/Pci(0x2,0x0)/Offset(0x17000,0x393FF).
InstallProtocolInterface: 5B1B31A1-9562-11D2-8E3F-00A0C969723B E8B3440
Loading driver at 0x0000E6E6000 EntryPoint=0x0000E6EDB2F 
InstallProtocolInterface: BC62157E-3E33-4FEC-9920-2D3B36D750DF ECB9598
ProtectUefiImageCommon - 0xE8B3440
  - 0x000000000E6E6000 - 0x00000000000C2000
InstallProtocolInterface: 18A031AB-B443-4D1A-A5C0-0C09261E9F71 E71E540
InstallProtocolInterface: 6A7A5CFF-E8D9-4F70-BADA-75AB3025CE14 E71E500
Found PCI display device
ValidateSetVariable - Variable (8BE4DF61-93CA-11D2-AA0D-00E098032B8C:ConOutDev) returning Success.
ValidateSetVariable - Variable (8BE4DF61-93CA-11D2-AA0D-00E098032B8C:ConOutDev) returning Success.
ValidateSetVariable - Variable (8BE4DF61-93CA-11D2-AA0D-00E098032B8C:ConOut) returning Success.
Found LPC Bridge device
ValidateSetVariable - Variable (8BE4DF61-93CA-11D2-AA0D-00E098032B8C:ConIn) returning Success.
BdsPlatform.c+565: COM1 DevPath: PciRoot(0x0)/Pci(0x1F,0x0)/Serial(0x0)/Uart(115200,8,N,1)/VenMsg(AD15A0D6-8BEC-4ACF-A073-D01DE77E2D88)
ValidateSetVariable - Variable (8BE4DF61-93CA-11D2-AA0D-00E098032B8C:ConOut) returning Success.
ValidateSetVariable - Variable (8BE4DF61-93CA-11D2-AA0D-00E098032B8C:ConIn) returning Success.
ValidateSetVariable - Variable (8BE4DF61-93CA-11D2-AA0D-00E098032B8C:ErrOut) returning Success.
BdsPlatform.c+603: COM2 DevPath: PciRoot(0x0)/Pci(0x1F,0x0)/Serial(0x1)/Uart(115200,8,N,1)/VenMsg(AD15A0D6-8BEC-4ACF-A073-D01DE77E2D88)
ValidateSetVariable - Variable (8BE4DF61-93CA-11D2-AA0D-00E098032B8C:ConOut) returning Success.
ValidateSetVariable - Variable (8BE4DF61-93CA-11D2-AA0D-00E098032B8C:ConIn) returning Success.
ValidateSetVariable - Variable (8BE4DF61-93CA-11D2-AA0D-00E098032B8C:ErrOut) returning Success.
ValidateSetVariable - Variable (8BE4DF61-93CA-11D2-AA0D-00E098032B8C:ConIn) returning Success.
ValidateSetVariable - Variable (8BE4DF61-93CA-11D2-AA0D-00E098032B8C:ConOut) returning Success.
ValidateSetVariable - Variable (8BE4DF61-93CA-11D2-AA0D-00E098032B8C:ErrOut) returning Success.
ValidateSetVariable - Variable (8BE4DF61-93CA-11D2-AA0D-00E098032B8C:ConIn) returning Success.
ValidateSetVariable - Variable (8BE4DF61-93CA-11D2-AA0D-00E098032B8C:ConOut) returning Success.
Select Item: 0xE
InternalQemuFwCfgCacheReadBytes: found Item 0xE in FwCfg Cache
ValidateSetVariable - Variable (8BE4DF61-93CA-11D2-AA0D-00E098032B8C:Timeout) returning Success.
PlatformBootManagerBeforeConsole: SetVariable(Timeout, 0): Success
Select Item: 0x19
InternalQemuFwCfgCacheReadBytes: found Item 0x19 in FwCfg Cache
InternalQemuFwCfgCacheReadBytes: found Item 0x19 in FwCfg Cache
InternalQemuFwCfgCacheReadBytes: found Item 0x19 in FwCfg Cache
InternalQemuFwCfgCacheReadBytes: found Item 0x19 in FwCfg Cache
InternalQemuFwCfgCacheReadBytes: found Item 0x19 in FwCfg Cache
InternalQemuFwCfgCacheReadBytes: found Item 0x19 in FwCfg Cache
InternalQemuFwCfgCacheReadBytes: found Item 0x19 in FwCfg Cache
InternalQemuFwCfgCacheReadBytes: found Item 0x19 in FwCfg Cache
InternalQemuFwCfgCacheReadBytes: found Item 0x19 in FwCfg Cache
InternalQemuFwCfgCacheReadBytes: found Item 0x19 in FwCfg Cache
InternalQemuFwCfgCacheReadBytes: found Item 0x19 in FwCfg Cache
InternalQemuFwCfgCacheReadBytes: found Item 0x19 in FwCfg Cache
InternalQemuFwCfgCacheReadBytes: found Item 0x19 in FwCfg Cache
InternalQemuFwCfgCacheReadBytes: found Item 0x19 in FwCfg Cache
InternalQemuFwCfgCacheReadBytes: found Item 0x19 in FwCfg Cache
InternalQemuFwCfgCacheReadBytes: found Item 0x19 in FwCfg Cache
InternalQemuFwCfgCacheReadBytes: found Item 0x19 in FwCfg Cache
InternalQemuFwCfgCacheReadBytes: found Item 0x19 in FwCfg Cache
InternalQemuFwCfgCacheReadBytes: found Item 0x19 in FwCfg Cache
InternalQemuFwCfgCacheReadBytes: found Item 0x19 in FwCfg Cache
InternalQemuFwCfgCacheReadBytes: found Item 0x19 in FwCfg Cache
InternalQemuFwCfgCacheReadBytes: found Item 0x19 in FwCfg Cache
InternalQemuFwCfgCacheReadBytes: found Item 0x19 in FwCfg Cache
InternalQemuFwCfgCacheReadBytes: found Item 0x19 in FwCfg Cache
InternalQemuFwCfgCacheReadBytes: found Item 0x19 in FwCfg Cache
InternalQemuFwCfgCacheReadBytes: found Item 0x19 in FwCfg Cache
InternalQemuFwCfgCacheReadBytes: found Item 0x19 in FwCfg Cache
InternalQemuFwCfgCacheReadBytes: found Item 0x19 in FwCfg Cache
InternalQemuFwCfgCacheReadBytes: found Item 0x19 in FwCfg Cache
InternalQemuFwCfgCacheReadBytes: found Item 0x19 in FwCfg Cache
InternalQemuFwCfgCacheReadBytes: found Item 0x19 in FwCfg Cache
InternalQemuFwCfgCacheReadBytes: found Item 0x19 in FwCfg Cache
InternalQemuFwCfgCacheReadBytes: found Item 0x19 in FwCfg Cache
InternalQemuFwCfgCacheReadBytes: found Item 0x19 in FwCfg Cache
InternalQemuFwCfgCacheReadBytes: found Item 0x19 in FwCfg Cache
InternalQemuFwCfgCacheReadBytes: found Item 0x19 in FwCfg Cache
InternalQemuFwCfgCacheReadBytes: found Item 0x19 in FwCfg Cache
InternalQemuFwCfgCacheReadBytes: found Item 0x19 in FwCfg Cache
InternalQemuFwCfgCacheReadBytes: found Item 0x19 in FwCfg Cache
InternalQemuFwCfgCacheReadBytes: found Item 0x19 in FwCfg Cache
InternalQemuFwCfgCacheReadBytes: found Item 0x19 in FwCfg Cache
InternalQemuFwCfgCacheReadBytes: found Item 0x19 in FwCfg Cache
InternalQemuFwCfgCacheReadBytes: found Item 0x19 in FwCfg Cache
InternalQemuFwCfgCacheReadBytes: found Item 0x19 in FwCfg Cache
InternalQemuFwCfgCacheReadBytes: found Item 0x19 in FwCfg Cache
InternalQemuFwCfgCacheReadBytes: found Item 0x19 in FwCfg Cache
InternalQemuFwCfgCacheReadBytes: found Item 0x19 in FwCfg Cache
InternalQemuFwCfgCacheReadBytes: found Item 0x19 in FwCfg Cache
InternalQemuFwCfgCacheReadBytes: found Item 0x19 in FwCfg Cache
InternalQemuFwCfgCacheReadBytes: found Item 0x19 in FwCfg Cache
InternalQemuFwCfgCacheReadBytes: found Item 0x19 in FwCfg Cache
InternalQemuFwCfgCacheReadBytes: found Item 0x19 in FwCfg Cache
InternalQemuFwCfgCacheReadBytes: found Item 0x19 in FwCfg Cache
InternalQemuFwCfgCacheReadBytes: found Item 0x19 in FwCfg Cache
InternalQemuFwCfgCacheReadBytes: found Item 0x19 in FwCfg Cache
InternalQemuFwCfgCacheReadBytes: found Item 0x19 in FwCfg Cache
InternalQemuFwCfgCacheReadBytes: found Item 0x19 in FwCfg Cache
InternalQemuFwCfgCacheReadBytes: found Item 0x19 in FwCfg Cache
InternalQemuFwCfgCacheReadBytes: found Item 0x19 in FwCfg Cache
InternalQemuFwCfgCacheReadBytes: found Item 0x19 in FwCfg Cache
InternalQemuFwCfgCacheReadBytes: found Item 0x19 in FwCfg Cache
ValidateSetVariable - Variable (8BE4DF61-93CA-11D2-AA0D-00E098032B8C:BootOrder) returning Success.
ValidateSetVariable - Variable (8BE4DF61-93CA-11D2-AA0D-00E098032B8C:Boot0001) returning Success.
ValidateSetVariable - Variable (8BE4DF61-93CA-11D2-AA0D-00E098032B8C:Key0000) returning Success.
ValidateSetVariable - Variable (8BE4DF61-93CA-11D2-AA0D-00E098032B8C:Key0001) returning Success.
[Bds]RegisterKeyNotify: 000C/0000 80000000/00 Success
[Bds]RegisterKeyNotify: 0017/0000 80000000/00 Success
[Bds]RegisterKeyNotify: 0000/000D 80000000/00 Success
PixelBlueGreenRedReserved8BitPerColor
GraphicsConsole video resolution 1280 x 800
Graphics - Mode 0, Column = 80, Row = 25
Graphics - Mode 1, Column = 0, Row = 0
Graphics - Mode 2, Column = 100, Row = 31
Graphics - Mode 3, Column = 128, Row = 40
Graphics - Mode 4, Column = 160, Row = 42
Graphics Console Started, Mode: 4
InstallProtocolInterface: 387477C2-69C7-11D2-8E39-00A0C969723B E8B29A8
ValidateSetVariable - Variable (8BE4DF61-93CA-11D2-AA0D-00E098032B8C:ErrOutDev) returning Success.
InstallProtocolInterface: D3B36F2C-D551-11D4-9A46-0090273FC14D 0
PixelBlueGreenRedReserved8BitPerColor
PixelBlueGreenRedReserved8BitPerColor
PixelBlueGreenRedReserved8BitPerColor
PixelBlueGreenRedReserved8BitPerColor
PixelBlueGreenRedReserved8BitPerColor
PixelBlueGreenRedReserved8BitPerColor
PixelBlueGreenRedReserved8BitPerColor
PixelBlueGreenRedReserved8BitPerColor
PixelBlueGreenRedReserved8BitPerColor
PixelBlueGreenRedReserved8BitPerColor
PixelBlueGreenRedReserved8BitPerColor
PixelBlueGreenRedReserved8BitPerColor
PixelBlueGreenRedReserved8BitPerColor
PixelBlueGreenRedReserved8BitPerColor
PixelBlueGreenRedReserved8BitPerColor
PixelBlueGreenRedReserved8BitPerColor
PixelBlueGreenRedReserved8BitPerColor
PixelBlueGreenRedReserved8BitPerColor
PixelBlueGreenRedReserved8BitPerColor
PixelBlueGreenRedReserved8BitPerColor
PixelBlueGreenRedReserved8BitPerColor
PixelBlueGreenRedReserved8BitPerColor
PixelBlueGreenRedReserved8BitPerColor
PixelBlueGreenRedReserved8BitPerColor
PixelBlueGreenRedReserved8BitPerColor
PixelBlueGreenRedReserved8BitPerColor
PixelBlueGreenRedReserved8BitPerColor
PixelBlueGreenRedReserved8BitPerColor
PixelBlueGreenRedReserved8BitPerColor
PixelBlueGreenRedReserved8BitPerColor
PixelBlueGreenRedReserved8BitPerColor
InstallProtocolInterface: 9042A9DE-23DC-4A38-96FB-7ADED080516A E945798
PixelBlueGreenRedReserved8BitPerColor
InstallProtocolInterface: 864E1CA8-85EB-4D63-9DCC-6E0FC90FFD55 E898598
InstallProtocolInterface: 09576E91-6D3F-11D2-8E39-00A0C969723B E897E18
InstallProtocolInterface: 215FDD18-BD50-4FEB-890B-58CA0B4739E9 E897F38
InstallProtocolInterface: 09576E91-6D3F-11D2-8E39-00A0C969723B E897A98
InstallProtocolInterface: 215FDD18-BD50-4FEB-890B-58CA0B4739E9 E897738
InstallProtocolInterface: 09576E91-6D3F-11D2-8E39-00A0C969723B E896F98
InstallProtocolInterface: 215FDD18-BD50-4FEB-890B-58CA0B4739E9 E896038
ClockRate = 1843200
Divisor   = 1
BaudRate/Actual (115200/115200) = 100%
ClockRate = 1843200
Divisor   = 1
BaudRate/Actual (115200/115200) = 100%
InstallProtocolInterface: 09576E91-6D3F-11D2-8E39-00A0C969723B E896A98
InstallProtocolInterface: BB25CF6F-F1D4-11D2-9A0C-0090273FC1FD E898128
PciSioSerial: Create SIO child serial device - Success
ValidateSetVariable - Variable (8BE4DF61-93CA-11D2-AA0D-00E098032B8C:ConInDev) returning Success.
ValidateSetVariable - Variable (8BE4DF61-93CA-11D2-AA0D-00E098032B8C:ConOutDev) returning Success.
ValidateSetVariable - Variable (8BE4DF61-93CA-11D2-AA0D-00E098032B8C:ErrOutDev) returning Success.
ClockRate = 1843200
Divisor   = 1
BaudRate/Actual (115200/115200) = 100%
Terminal - Mode 0, Column = 80, Row = 25
Terminal - Mode 1, Column = 80, Row = 50
Terminal - Mode 2, Column = 100, Row = 31
Terminal - Mode 3, Column = 128, Row = 40
Terminal - Mode 4, Column = 160, Row = 42
Terminal - Mode 5, Column = 240, Row = 56
ClockRate = 1843200
Divisor   = 1
BaudRate/Actual (115200/115200) = 100%
InstallProtocolInterface: 387477C1-69C7-11D2-8E39-00A0C969723B E883440
InstallProtocolInterface: DD9E7534-7762-4698-8C14-F58517A625AA E883528
InstallProtocolInterface: 387477C2-69C7-11D2-8E39-00A0C969723B E883458
InstallProtocolInterface: 09576E91-6D3F-11D2-8E39-00A0C969723B E883598
InstallProtocolInterface: D3B36F2B-D551-11D4-9A46-0090273FC14D 0
InstallProtocolInterface: D3B36F2C-D551-11D4-9A46-0090273FC14D 0
InstallProtocolInterface: D3B36F2D-D551-11D4-9A46-0090273FC14D 0
ClockRate = 1843200
Divisor   = 1
BaudRate/Actual (115200/115200) = 100%
PciSioSerial: Create SIO child serial device - Device Error
ValidateSetVariable - Variable (8BE4DF61-93CA-11D2-AA0D-00E098032B8C:ConOut) returning Success.
ValidateSetVariable - Variable (8BE4DF61-93CA-11D2-AA0D-00E098032B8C:ConOut) returning Success.
ValidateSetVariable - Variable (8BE4DF61-93CA-11D2-AA0D-00E098032B8C:ConOut) returning Success.
InstallProtocolInterface: 387477C1-69C7-11D2-8E39-00A0C969723B E856028
InstallProtocolInterface: DD9E7534-7762-4698-8C14-F58517A625AA E856040
ValidateSetVariable - Variable (8BE4DF61-93CA-11D2-AA0D-00E098032B8C:ConInDev) returning Success.
InstallProtocolInterface: D3B36F2B-D551-11D4-9A46-0090273FC14D 0
ClockRate = 1843200
Divisor   = 1
BaudRate/Actual (115200/115200) = 100%
PciSioSerial: Create SIO child serial device - Device Error
ValidateSetVariable - Variable (8BE4DF61-93CA-11D2-AA0D-00E098032B8C:ConIn) returning Success.
ValidateSetVariable - Variable (8BE4DF61-93CA-11D2-AA0D-00E098032B8C:ConIn) returning Success.
ClockRate = 1843200
Divisor   = 1
BaudRate/Actual (115200/115200) = 100%
PciSioSerial: Create SIO child serial device - Device Error
ValidateSetVariable - Variable (8BE4DF61-93CA-11D2-AA0D-00E098032B8C:ErrOut) returning Success.
ValidateSetVariable - Variable (8BE4DF61-93CA-11D2-AA0D-00E098032B8C:ErrOut) returning Success.
PlatformBootManagerAfterConsole
PlatformBdsPolicyBehavior: not restoring NvVars from disk since flash variables appear to be supported.
Boot Mode:0
SetPciIntLine: [00:02.0] PciRoot(0x0)/Pci(0x2,0x0) -> 0x0B
SetPciIntLine: [00:03.0] PciRoot(0x0)/Pci(0x3,0x0) -> 0x0B
SetPciIntLine: [00:1F.2] PciRoot(0x0)/Pci(0x1F,0x2) -> 0x0A
SetPciIntLine: [00:1F.3] PciRoot(0x0)/Pci(0x1F,0x3) -> 0x0A
Select Item: 0x19
InternalQemuFwCfgCacheReadBytes: found Item 0x19 in FwCfg Cache
InternalQemuFwCfgCacheReadBytes: found Item 0x19 in FwCfg Cache
InternalQemuFwCfgCacheReadBytes: found Item 0x19 in FwCfg Cache
InternalQemuFwCfgCacheReadBytes: found Item 0x19 in FwCfg Cache
InternalQemuFwCfgCacheReadBytes: found Item 0x19 in FwCfg Cache
InternalQemuFwCfgCacheReadBytes: found Item 0x19 in FwCfg Cache
InternalQemuFwCfgCacheReadBytes: found Item 0x19 in FwCfg Cache
InternalQemuFwCfgCacheReadBytes: found Item 0x19 in FwCfg Cache
InternalQemuFwCfgCacheReadBytes: found Item 0x19 in FwCfg Cache
Select Item: 0x19
InternalQemuFwCfgCacheReadBytes: found Item 0x19 in FwCfg Cache
InternalQemuFwCfgCacheReadBytes: found Item 0x19 in FwCfg Cache
InternalQemuFwCfgCacheReadBytes: found Item 0x19 in FwCfg Cache
InternalQemuFwCfgCacheReadBytes: found Item 0x19 in FwCfg Cache
InternalQemuFwCfgCacheReadBytes: found Item 0x19 in FwCfg Cache
InternalQemuFwCfgCacheReadBytes: found Item 0x19 in FwCfg Cache
InternalQemuFwCfgCacheReadBytes: found Item 0x19 in FwCfg Cache
InternalQemuFwCfgCacheReadBytes: found Item 0x19 in FwCfg Cache
InternalQemuFwCfgCacheReadBytes: found Item 0x19 in FwCfg Cache
InternalQemuFwCfgCacheReadBytes: found Item 0x19 in FwCfg Cache
InternalQemuFwCfgCacheReadBytes: found Item 0x19 in FwCfg Cache
InternalQemuFwCfgCacheReadBytes: found Item 0x19 in FwCfg Cache
InternalQemuFwCfgCacheReadBytes: found Item 0x19 in FwCfg Cache
InternalQemuFwCfgCacheReadBytes: found Item 0x19 in FwCfg Cache
InternalQemuFwCfgCacheReadBytes: found Item 0x19 in FwCfg Cache
InternalQemuFwCfgCacheReadBytes: found Item 0x19 in FwCfg Cache
InternalQemuFwCfgCacheReadBytes: found Item 0x19 in FwCfg Cache
InternalQemuFwCfgCacheReadBytes: found Item 0x19 in FwCfg Cache
InternalQemuFwCfgCacheReadBytes: found Item 0x19 in FwCfg Cache
InternalQemuFwCfgCacheReadBytes: found Item 0x19 in FwCfg Cache
InternalQemuFwCfgCacheReadBytes: found Item 0x19 in FwCfg Cache
InternalQemuFwCfgCacheReadBytes: found Item 0x19 in FwCfg Cache
InternalQemuFwCfgCacheReadBytes: found Item 0x19 in FwCfg Cache
InternalQemuFwCfgCacheReadBytes: found Item 0x19 in FwCfg Cache
InternalQemuFwCfgCacheReadBytes: found Item 0x19 in FwCfg Cache
InternalQemuFwCfgCacheReadBytes: found Item 0x19 in FwCfg Cache
InternalQemuFwCfgCacheReadBytes: found Item 0x19 in FwCfg Cache
InternalQemuFwCfgCacheReadBytes: found Item 0x19 in FwCfg Cache
InternalQemuFwCfgCacheReadBytes: found Item 0x19 in FwCfg Cache
InternalQemuFwCfgCacheReadBytes: found Item 0x19 in FwCfg Cache
InternalQemuFwCfgCacheReadBytes: found Item 0x19 in FwCfg Cache
InternalQemuFwCfgCacheReadBytes: found Item 0x19 in FwCfg Cache
InternalQemuFwCfgCacheReadBytes: found Item 0x19 in FwCfg Cache
InternalQemuFwCfgCacheReadBytes: found Item 0x19 in FwCfg Cache
InternalQemuFwCfgCacheReadBytes: found Item 0x19 in FwCfg Cache
InternalQemuFwCfgCacheReadBytes: found Item 0x19 in FwCfg Cache
InternalQemuFwCfgCacheReadBytes: found Item 0x19 in FwCfg Cache
InternalQemuFwCfgCacheReadBytes: found Item 0x19 in FwCfg Cache
InternalQemuFwCfgCacheReadBytes: found Item 0x19 in FwCfg Cache
InternalQemuFwCfgCacheReadBytes: found Item 0x19 in FwCfg Cache
InternalQemuFwCfgCacheReadBytes: found Item 0x19 in FwCfg Cache
InternalQemuFwCfgCacheReadBytes: found Item 0x19 in FwCfg Cache
InternalQemuFwCfgCacheReadBytes: found Item 0x19 in FwCfg Cache
InternalQemuFwCfgCacheReadBytes: found Item 0x19 in FwCfg Cache
InternalQemuFwCfgCacheReadBytes: found Item 0x19 in FwCfg Cache
InternalQemuFwCfgCacheReadBytes: found Item 0x19 in FwCfg Cache
InternalQemuFwCfgCacheReadBytes: found Item 0x19 in FwCfg Cache
InternalQemuFwCfgCacheReadBytes: found Item 0x19 in FwCfg Cache
InternalQemuFwCfgCacheReadBytes: found Item 0x19 in FwCfg Cache
InternalQemuFwCfgCacheReadBytes: found Item 0x19 in FwCfg Cache
InternalQemuFwCfgCacheReadBytes: found Item 0x19 in FwCfg Cache
InternalQemuFwCfgCacheReadBytes: found Item 0x19 in FwCfg Cache
InternalQemuFwCfgCacheReadBytes: found Item 0x19 in FwCfg Cache
InternalQemuFwCfgCacheReadBytes: found Item 0x19 in FwCfg Cache
InternalQemuFwCfgCacheReadBytes: found Item 0x19 in FwCfg Cache
InternalQemuFwCfgCacheReadBytes: found Item 0x19 in FwCfg Cache
InternalQemuFwCfgCacheReadBytes: found Item 0x19 in FwCfg Cache
InternalQemuFwCfgCacheReadBytes: found Item 0x19 in FwCfg Cache
InternalQemuFwCfgCacheReadBytes: found Item 0x19 in FwCfg Cache
InternalQemuFwCfgCacheReadBytes: found Item 0x19 in FwCfg Cache
InternalQemuFwCfgCacheReadBytes: found Item 0x19 in FwCfg Cache
PlatformBootManagerAfterConsole: uninstalling EFI memory protocol
PlatformBdsConnectSequence
Select Item: 0x19
InternalQemuFwCfgCacheReadBytes: found Item 0x19 in FwCfg Cache
InternalQemuFwCfgCacheReadBytes: found Item 0x19 in FwCfg Cache
InternalQemuFwCfgCacheReadBytes: found Item 0x19 in FwCfg Cache
InternalQemuFwCfgCacheReadBytes: found Item 0x19 in FwCfg Cache
InternalQemuFwCfgCacheReadBytes: found Item 0x19 in FwCfg Cache
InternalQemuFwCfgCacheReadBytes: found Item 0x19 in FwCfg Cache
InternalQemuFwCfgCacheReadBytes: found Item 0x19 in FwCfg Cache
InternalQemuFwCfgCacheReadBytes: found Item 0x19 in FwCfg Cache
InternalQemuFwCfgCacheReadBytes: found Item 0x19 in FwCfg Cache
EfiBootManagerConnectAll
InstallProtocolInterface: A19832B9-AC25-11D3-9A2D-0090273FC14D E722A50
InstallProtocolInterface: 09576E91-6D3F-11D2-8E39-00A0C969723B E722FE8
InstallProtocolInterface: E18541CD-F755-4F73-928D-643C8A79B229 E722E80
InstallProtocolInterface: 1ACED566-76ED-4218-BC81-767F1F977A89 E722E80
InstallProtocolInterface: 9E23D768-D2F3-4366-9FC3-3A7ABA864374 E722EA8
InstallProtocolInterface: 6A7A5CFF-E8D9-4F70-BADA-75AB3025CE14 E722EC0
InstallProtocolInterface: 6F6C7323-2077-7523-6E68-656C7066756C E722ED8
InstallProtocolInterface: 09576E91-6D3F-11D2-8E39-00A0C969723B E723048
InstallProtocolInterface: 330D4706-F2A0-4E4F-A369-B66FA8D54385 E722EE0
ValidateSetVariable - Variable (8BE4DF61-93CA-11D2-AA0D-00E098032B8C:ConInDev) returning Success.
ValidateSetVariable - Variable (8BE4DF61-93CA-11D2-AA0D-00E098032B8C:ConOutDev) returning Success.
ValidateSetVariable - Variable (8BE4DF61-93CA-11D2-AA0D-00E098032B8C:ErrOutDev) returning Success.
ClockRate = 1843200
Divisor   = 1
BaudRate/Actual (115200/115200) = 100%
PciSioSerial: Create SIO child serial device - Device Error
SataControllerStart start
Original PCI Attributes = 0x4700
Supported PCI Attributes = 0xE700
Enabled PCI Attributes = 0x700
Ports Implemented(PI) = 0x3F
HBA Capabilities(CAP) = 0xC0141F05
InstallProtocolInterface: A1E37052-80D9-4E65-A317-3E9A55C43EC9 E844420
SataControllerStart end with Success
==AtaAtapiPassThru Start== Controller = E8D0798
Starting command for PIO transfer:
ATA COMMAND BLOCK:
AtaCommand: 236
AtaFeatures: 0
AtaSectorNumber: 0
AtaCylinderLow: 0
AtaCylinderHigh: 0
AtaDeviceHead: 0
AtaSectorNumberExp: 0
AtaCylinderLowExp: 0
AtaCylinderHighExp: 0
AtaFeaturesExp: 0
AtaSectorCount: 1
AtaSectorCountExp: 0
ATA STATUS BLOCK:
AtaStatus: 80
AtaError: 0
IDENTIFY DEVICE: [0] = 0000000000000040, [2] = 0000000000000000, [83] = 0000000000007400, [86] = 0000000000003400
port [0] port multitplier [0] has a [harddisk]
Starting command for non data transfer:
ATA COMMAND BLOCK:
AtaCommand: 176
AtaFeatures: DA
AtaSectorNumber: 0
AtaCylinderLow: C2
AtaCylinderHigh: C2
AtaDeviceHead: 0
AtaSectorNumberExp: 0
AtaCylinderLowExp: 0
AtaCylinderHighExp: 0
AtaFeaturesExp: 0
AtaSectorCount: 0
AtaSectorCountExp: 0
The S.M.A.R.T threshold exceeded condition is not detected
Enabled S.M.A.R.T feature at port [0] PortMultiplier [0]!
CalculateBestPioMode: AdvancedPioMode = 3
IdeInitCalculateMode: PioMode = 4
CalculateBestUdmaMode: DeviceUDmaMode = 203F
IdeInitCalculateMode: UdmaMode = 5
Starting command for non data transfer:
ATA COMMAND BLOCK:
AtaCommand: 239
AtaFeatures: 3
AtaSectorNumber: 0
AtaCylinderLow: 0
AtaCylinderHigh: 0
AtaDeviceHead: 0
AtaSectorNumberExp: 0
AtaCylinderLowExp: 0
AtaCylinderHighExp: 0
AtaFeaturesExp: 0
AtaSectorCount: 69
AtaSectorCountExp: 0
ATA STATUS BLOCK:
AtaStatus: 80
AtaError: 0
Starting command for PIO transfer:
ATA COMMAND BLOCK:
AtaCommand: 161
AtaFeatures: 0
AtaSectorNumber: 0
AtaCylinderLow: 0
AtaCylinderHigh: 0
AtaDeviceHead: 0
AtaSectorNumberExp: 0
AtaCylinderLowExp: 0
AtaCylinderHighExp: 0
AtaFeaturesExp: 0
AtaSectorCount: 1
AtaSectorCountExp: 0
ATA STATUS BLOCK:
AtaStatus: 80
AtaError: 0
port [2] port multitplier [0] has a [cdrom]
CalculateBestPioMode: AdvancedPioMode = 3
IdeInitCalculateMode: PioMode = 3
CalculateBestUdmaMode: DeviceUDmaMode = 203F
IdeInitCalculateMode: UdmaMode = 5
Starting command for non data transfer:
ATA COMMAND BLOCK:
AtaCommand: 239
AtaFeatures: 3
AtaSectorNumber: 0
AtaCylinderLow: 0
AtaCylinderHigh: 0
AtaDeviceHead: 0
AtaSectorNumberExp: 0
AtaCylinderLowExp: 0
AtaCylinderHighExp: 0
AtaFeaturesExp: 0
AtaSectorCount: 69
AtaSectorCountExp: 0
ATA STATUS BLOCK:
AtaStatus: 80
AtaError: 0
InstallProtocolInterface: 1D3DE7F0-0807-424F-AA69-11A54E19A46F E844540
InstallProtocolInterface: 143B7632-B81B-4CB7-ABD3-B625A5B9BFFE E844590
InstallProtocolInterface: 19DF145A-B1D4-453F-8507-38816676D7F6 E840A18
Starting command for PIO transfer:
ATA COMMAND BLOCK:
AtaCommand: 236
AtaFeatures: 0
AtaSectorNumber: 0
AtaCylinderLow: 0
AtaCylinderHigh: 0
AtaDeviceHead: 224
AtaSectorNumberExp: 0
AtaCylinderLowExp: 0
AtaCylinderHighExp: 0
AtaFeaturesExp: 0
AtaSectorCount: 0
AtaSectorCountExp: 0
ATA STATUS BLOCK:
AtaStatus: 80
AtaError: 0
AtaBus - Identify Device: Port 0 PortMultiplierPort FFFF
InstallProtocolInterface: 09576E91-6D3F-11D2-8E39-00A0C969723B E840818
InstallProtocolInterface: 964E5B21-6459-11D2-8E39-00A0C969723B E8404A8
InstallProtocolInterface: A77B2472-E282-4E9F-A245-C2C0E27BBCC1 E8404D8
InstallProtocolInterface: D432A67F-14DC-484B-B3BB-3F0291849327 E840530
Found TCG support in Port 0 PortMultiplierPort FFFF
InstallProtocolInterface: C88B0B6D-0DFC-49A7-9CB4-49074B4C3A78 E840568
Successfully Install Storage Security Protocol on the ATA device
InstallProtocolInterface: 0167CCC4-D0F7-4F21-A3EF-9E64B7CDCE8B E7BCAA0
Starting command for PIO transfer:
ATA COMMAND BLOCK:
AtaCommand: 160
AtaFeatures: 0
AtaSectorNumber: 0
AtaCylinderLow: FF
AtaCylinderHigh: FF
AtaDeviceHead: 0
AtaSectorNumberExp: 0
AtaCylinderLowExp: 0
AtaCylinderHighExp: 0
AtaFeaturesExp: 0
AtaSectorCount: 0
AtaSectorCountExp: 0
ATA STATUS BLOCK:
AtaStatus: 80
AtaError: 0
EfiGetMemoryAttributes: 0xE7BA000 - 0x1000
EfiGetMemoryAttributes: Attributes is 0x0
EfiGetMemoryAttributes: 0xE7BB000 - 0x1000
EfiGetMemoryAttributes: Attributes is 0x0
InstallProtocolInterface: 09576E91-6D3F-11D2-8E39-00A0C969723B E7BC118
InstallProtocolInterface: 932F47E6-2362-4002-803E-3CD54B138F85 E7BC5A8
Starting command for PIO transfer:
ATA COMMAND BLOCK:
AtaCommand: 160
AtaFeatures: 0
AtaSectorNumber: 0
AtaCylinderLow: FF
AtaCylinderHigh: FF
AtaDeviceHead: 0
AtaSectorNumberExp: 0
AtaCylinderLowExp: 0
AtaCylinderHighExp: 0
AtaFeaturesExp: 0
AtaSectorCount: 0
AtaSectorCountExp: 0
ATA STATUS BLOCK:
AtaStatus: 80
AtaError: 0
Starting command for non data transfer:
ATA COMMAND BLOCK:
AtaCommand: 160
AtaFeatures: 0
AtaSectorNumber: 0
AtaCylinderLow: FF
AtaCylinderHigh: FF
AtaDeviceHead: 0
AtaSectorNumberExp: 0
AtaCylinderLowExp: 0
AtaCylinderHighExp: 0
AtaFeaturesExp: 0
AtaSectorCount: 0
AtaSectorCountExp: 0
AHCI: Error interrupt reported PxIS: 40000000
Non data transfer failed at retry 0
Failed to execute command for non data transfer:
ATA COMMAND BLOCK:
AtaCommand: 160
AtaFeatures: 0
AtaSectorNumber: 0
AtaCylinderLow: FF
AtaCylinderHigh: FF
AtaDeviceHead: 0
AtaSectorNumberExp: 0
AtaCylinderLowExp: 0
AtaCylinderHighExp: 0
AtaFeaturesExp: 0
AtaSectorCount: 0
AtaSectorCountExp: 0
ATA STATUS BLOCK:
AtaStatus: 65
AtaError: 32
Starting command for PIO transfer:
ATA COMMAND BLOCK:
AtaCommand: 160
AtaFeatures: 0
AtaSectorNumber: 0
AtaCylinderLow: FF
AtaCylinderHigh: FF
AtaDeviceHead: 0
AtaSectorNumberExp: 0
AtaCylinderLowExp: 0
AtaCylinderHighExp: 0
AtaFeaturesExp: 0
AtaSectorCount: 0
AtaSectorCountExp: 0
ATA STATUS BLOCK:
AtaStatus: 80
AtaError: 0
Starting command for PIO transfer:
ATA COMMAND BLOCK:
AtaCommand: 160
AtaFeatures: 0
AtaSectorNumber: 0
AtaCylinderLow: FF
AtaCylinderHigh: FF
AtaDeviceHead: 0
AtaSectorNumberExp: 0
AtaCylinderLowExp: 0
AtaCylinderHighExp: 0
AtaFeaturesExp: 0
AtaSectorCount: 0
AtaSectorCountExp: 0
ATA STATUS BLOCK:
AtaStatus: 80
AtaError: 0
Starting command for PIO transfer:
ATA COMMAND BLOCK:
AtaCommand: 160
AtaFeatures: 0
AtaSectorNumber: 0
AtaCylinderLow: FF
AtaCylinderHigh: FF
AtaDeviceHead: 0
AtaSectorNumberExp: 0
AtaCylinderLowExp: 0
AtaCylinderHighExp: 0
AtaFeaturesExp: 0
AtaSectorCount: 0
AtaSectorCountExp: 0
ATA STATUS BLOCK:
AtaStatus: 80
AtaError: 0
Starting command for PIO transfer:
ATA COMMAND BLOCK:
AtaCommand: 160
AtaFeatures: 0
AtaSectorNumber: 0
AtaCylinderLow: FF
AtaCylinderHigh: FF
AtaDeviceHead: 0
AtaSectorNumberExp: 0
AtaCylinderLowExp: 0
AtaCylinderHighExp: 0
AtaFeaturesExp: 0
AtaSectorCount: 0
AtaSectorCountExp: 0
ATA STATUS BLOCK:
AtaStatus: 80
AtaError: 0
Starting command for PIO transfer:
ATA COMMAND BLOCK:
AtaCommand: 160
AtaFeatures: 0
AtaSectorNumber: 0
AtaCylinderLow: FF
AtaCylinderHigh: FF
AtaDeviceHead: 0
AtaSectorNumberExp: 0
AtaCylinderLowExp: 0
AtaCylinderHighExp: 0
AtaFeaturesExp: 0
AtaSectorCount: 0
AtaSectorCountExp: 0
ATA STATUS BLOCK:
AtaStatus: 80
AtaError: 0
Starting command for PIO transfer:
ATA COMMAND BLOCK:
AtaCommand: 160
AtaFeatures: 0
AtaSectorNumber: 0
AtaCylinderLow: FF
AtaCylinderHigh: FF
AtaDeviceHead: 0
AtaSectorNumberExp: 0
AtaCylinderLowExp: 0
AtaCylinderHighExp: 0
AtaFeaturesExp: 0
AtaSectorCount: 0
AtaSectorCountExp: 0
ATA STATUS BLOCK:
AtaStatus: 80
AtaError: 0
EfiGetMemoryAttributes: 0xE7BA000 - 0x1000
EfiGetMemoryAttributes: Attributes is 0x0
ScsiDisk: ScsiDiskIsNoMedia
InstallProtocolInterface: 964E5B21-6459-11D2-8E39-00A0C969723B E7BB2B8
InstallProtocolInterface: A77B2472-E282-4E9F-A245-C2C0E27BBCC1 E7BB2E8
InstallProtocolInterface: D432A67F-14DC-484B-B3BB-3F0291849327 E7BB3E0
InstallProtocolInterface: CE345171-BA0B-11D2-8E4F-00A0C969723B E7BBBA0
InstallProtocolInterface: 151C8EAE-7F2C-472C-9E54-9828194F6A88 E7BBBB8
 BlockSize : 2048 
 LastBlock : 0 
Starting command for non data transfer:
ATA COMMAND BLOCK:
AtaCommand: 160
AtaFeatures: 0
AtaSectorNumber: 0
AtaCylinderLow: FF
AtaCylinderHigh: FF
AtaDeviceHead: 0
AtaSectorNumberExp: 0
AtaCylinderLowExp: 0
AtaCylinderHighExp: 0
AtaFeaturesExp: 0
AtaSectorCount: 0
AtaSectorCountExp: 0
AHCI: Error interrupt reported PxIS: 40000000
Non data transfer failed at retry 0
Failed to execute command for non data transfer:
ATA COMMAND BLOCK:
AtaCommand: 160
AtaFeatures: 0
AtaSectorNumber: 0
AtaCylinderLow: FF
AtaCylinderHigh: FF
AtaDeviceHead: 0
AtaSectorNumberExp: 0
AtaCylinderLowExp: 0
AtaCylinderHighExp: 0
AtaFeaturesExp: 0
AtaSectorCount: 0
AtaSectorCountExp: 0
ATA STATUS BLOCK:
AtaStatus: 65
AtaError: 32
Starting command for PIO transfer:
ATA COMMAND BLOCK:
AtaCommand: 160
AtaFeatures: 0
AtaSectorNumber: 0
AtaCylinderLow: FF
AtaCylinderHigh: FF
AtaDeviceHead: 0
AtaSectorNumberExp: 0
AtaCylinderLowExp: 0
AtaCylinderHighExp: 0
AtaFeaturesExp: 0
AtaSectorCount: 0
AtaSectorCountExp: 0
ATA STATUS BLOCK:
AtaStatus: 80
AtaError: 0
Starting command for PIO transfer:
ATA COMMAND BLOCK:
AtaCommand: 160
AtaFeatures: 0
AtaSectorNumber: 0
AtaCylinderLow: FF
AtaCylinderHigh: FF
AtaDeviceHead: 0
AtaSectorNumberExp: 0
AtaCylinderLowExp: 0
AtaCylinderHighExp: 0
AtaFeaturesExp: 0
AtaSectorCount: 0
AtaSectorCountExp: 0
ATA STATUS BLOCK:
AtaStatus: 80
AtaError: 0
Starting command for PIO transfer:
ATA COMMAND BLOCK:
AtaCommand: 160
AtaFeatures: 0
AtaSectorNumber: 0
AtaCylinderLow: FF
AtaCylinderHigh: FF
AtaDeviceHead: 0
AtaSectorNumberExp: 0
AtaCylinderLowExp: 0
AtaCylinderHighExp: 0
AtaFeaturesExp: 0
AtaSectorCount: 0
AtaSectorCountExp: 0
ATA STATUS BLOCK:
AtaStatus: 80
AtaError: 0
Starting command for PIO transfer:
ATA COMMAND BLOCK:
AtaCommand: 160
AtaFeatures: 0
AtaSectorNumber: 0
AtaCylinderLow: FF
AtaCylinderHigh: FF
AtaDeviceHead: 0
AtaSectorNumberExp: 0
AtaCylinderLowExp: 0
AtaCylinderHighExp: 0
AtaFeaturesExp: 0
AtaSectorCount: 0
AtaSectorCountExp: 0
ATA STATUS BLOCK:
AtaStatus: 80
AtaError: 0
Starting command for PIO transfer:
ATA COMMAND BLOCK:
AtaCommand: 160
AtaFeatures: 0
AtaSectorNumber: 0
AtaCylinderLow: FF
AtaCylinderHigh: FF
AtaDeviceHead: 0
AtaSectorNumberExp: 0
AtaCylinderLowExp: 0
AtaCylinderHighExp: 0
AtaFeaturesExp: 0
AtaSectorCount: 0
AtaSectorCountExp: 0
ATA STATUS BLOCK:
AtaStatus: 80
AtaError: 0
Starting command for PIO transfer:
ATA COMMAND BLOCK:
AtaCommand: 160
AtaFeatures: 0
AtaSectorNumber: 0
AtaCylinderLow: FF
AtaCylinderHigh: FF
AtaDeviceHead: 0
AtaSectorNumberExp: 0
AtaCylinderLowExp: 0
AtaCylinderHighExp: 0
AtaFeaturesExp: 0
AtaSectorCount: 0
AtaSectorCountExp: 0
ATA STATUS BLOCK:
AtaStatus: 80
AtaError: 0
EfiGetMemoryAttributes: 0xE7B9000 - 0x1000
EfiGetMemoryAttributes: Attributes is 0x0
ScsiDisk: ScsiDiskIsNoMedia
Starting command for non data transfer:
ATA COMMAND BLOCK:
AtaCommand: 160
AtaFeatures: 0
AtaSectorNumber: 0
AtaCylinderLow: FF
AtaCylinderHigh: FF
AtaDeviceHead: 0
AtaSectorNumberExp: 0
AtaCylinderLowExp: 0
AtaCylinderHighExp: 0
AtaFeaturesExp: 0
AtaSectorCount: 0
AtaSectorCountExp: 0
AHCI: Error interrupt reported PxIS: 40000000
Non data transfer failed at retry 0
Failed to execute command for non data transfer:
ATA COMMAND BLOCK:
AtaCommand: 160
AtaFeatures: 0
AtaSectorNumber: 0
AtaCylinderLow: FF
AtaCylinderHigh: FF
AtaDeviceHead: 0
AtaSectorNumberExp: 0
AtaCylinderLowExp: 0
AtaCylinderHighExp: 0
AtaFeaturesExp: 0
AtaSectorCount: 0
AtaSectorCountExp: 0
ATA STATUS BLOCK:
AtaStatus: 65
AtaError: 32
Starting command for PIO transfer:
ATA COMMAND BLOCK:
AtaCommand: 160
AtaFeatures: 0
AtaSectorNumber: 0
AtaCylinderLow: FF
AtaCylinderHigh: FF
AtaDeviceHead: 0
AtaSectorNumberExp: 0
AtaCylinderLowExp: 0
AtaCylinderHighExp: 0
AtaFeaturesExp: 0
AtaSectorCount: 0
AtaSectorCountExp: 0
ATA STATUS BLOCK:
AtaStatus: 80
AtaError: 0
Starting command for PIO transfer:
ATA COMMAND BLOCK:
AtaCommand: 160
AtaFeatures: 0
AtaSectorNumber: 0
AtaCylinderLow: FF
AtaCylinderHigh: FF
AtaDeviceHead: 0
AtaSectorNumberExp: 0
AtaCylinderLowExp: 0
AtaCylinderHighExp: 0
AtaFeaturesExp: 0
AtaSectorCount: 0
AtaSectorCountExp: 0
ATA STATUS BLOCK:
AtaStatus: 80
AtaError: 0
Starting command for PIO transfer:
ATA COMMAND BLOCK:
AtaCommand: 160
AtaFeatures: 0
AtaSectorNumber: 0
AtaCylinderLow: FF
AtaCylinderHigh: FF
AtaDeviceHead: 0
AtaSectorNumberExp: 0
AtaCylinderLowExp: 0
AtaCylinderHighExp: 0
AtaFeaturesExp: 0
AtaSectorCount: 0
AtaSectorCountExp: 0
ATA STATUS BLOCK:
AtaStatus: 80
AtaError: 0
Starting command for PIO transfer:
ATA COMMAND BLOCK:
AtaCommand: 160
AtaFeatures: 0
AtaSectorNumber: 0
AtaCylinderLow: FF
AtaCylinderHigh: FF
AtaDeviceHead: 0
AtaSectorNumberExp: 0
AtaCylinderLowExp: 0
AtaCylinderHighExp: 0
AtaFeaturesExp: 0
AtaSectorCount: 0
AtaSectorCountExp: 0
ATA STATUS BLOCK:
AtaStatus: 80
AtaError: 0
Starting command for PIO transfer:
ATA COMMAND BLOCK:
AtaCommand: 160
AtaFeatures: 0
AtaSectorNumber: 0
AtaCylinderLow: FF
AtaCylinderHigh: FF
AtaDeviceHead: 0
AtaSectorNumberExp: 0
AtaCylinderLowExp: 0
AtaCylinderHighExp: 0
AtaFeaturesExp: 0
AtaSectorCount: 0
AtaSectorCountExp: 0
ATA STATUS BLOCK:
AtaStatus: 80
AtaError: 0
Starting command for PIO transfer:
ATA COMMAND BLOCK:
AtaCommand: 160
AtaFeatures: 0
AtaSectorNumber: 0
AtaCylinderLow: FF
AtaCylinderHigh: FF
AtaDeviceHead: 0
AtaSectorNumberExp: 0
AtaCylinderLowExp: 0
AtaCylinderHighExp: 0
AtaFeaturesExp: 0
AtaSectorCount: 0
AtaSectorCountExp: 0
ATA STATUS BLOCK:
AtaStatus: 80
AtaError: 0
EfiGetMemoryAttributes: 0xE7B4000 - 0x1000
EfiGetMemoryAttributes: Attributes is 0x0
ScsiDisk: ScsiDiskIsNoMedia
FatOpenDevice: read of part_lba failed No Media
InstallProtocolInterface: CE345171-BA0B-11D2-8E4F-00A0C969723B E7BA9A0
InstallProtocolInterface: 151C8EAE-7F2C-472C-9E54-9828194F6A88 E7BA9B8
 BlockSize : 512 
 LastBlock : 1FFFF 
Starting command for sync DMA transfer:
ATA COMMAND BLOCK:
AtaCommand: 200
AtaFeatures: 0
AtaSectorNumber: 0
AtaCylinderLow: 0
AtaCylinderHigh: 0
AtaDeviceHead: 224
AtaSectorNumberExp: 0
AtaCylinderLowExp: 0
AtaCylinderHighExp: 0
AtaFeaturesExp: 0
AtaSectorCount: 1
AtaSectorCountExp: 0
ATA STATUS BLOCK:
AtaStatus: 80
AtaError: 0
Starting command for sync DMA transfer:
ATA COMMAND BLOCK:
AtaCommand: 200
AtaFeatures: 0
AtaSectorNumber: 64
AtaCylinderLow: 0
AtaCylinderHigh: 0
AtaDeviceHead: 224
AtaSectorNumberExp: 0
AtaCylinderLowExp: 0
AtaCylinderHighExp: 0
AtaFeaturesExp: 0
AtaSectorCount: 4
AtaSectorCountExp: 0
ATA STATUS BLOCK:
AtaStatus: 80
AtaError: 0
Starting command for sync DMA transfer:
ATA COMMAND BLOCK:
AtaCommand: 200
AtaFeatures: 0
AtaSectorNumber: 64
AtaCylinderLow: 0
AtaCylinderHigh: 0
AtaDeviceHead: 224
AtaSectorNumberExp: 0
AtaCylinderLowExp: 0
AtaCylinderHighExp: 0
AtaFeaturesExp: 0
AtaSectorCount: 1
AtaSectorCountExp: 0
ATA STATUS BLOCK:
AtaStatus: 80
AtaError: 0
Starting command for sync DMA transfer:
ATA COMMAND BLOCK:
AtaCommand: 200
AtaFeatures: 0
AtaSectorNumber: 0
AtaCylinderLow: 0
AtaCylinderHigh: 0
AtaDeviceHead: 224
AtaSectorNumberExp: 0
AtaCylinderLowExp: 0
AtaCylinderHighExp: 0
AtaFeaturesExp: 0
AtaSectorCount: 1
AtaSectorCountExp: 0
ATA STATUS BLOCK:
AtaStatus: 80
AtaError: 0
Starting command for sync DMA transfer:
ATA COMMAND BLOCK:
AtaCommand: 200
AtaFeatures: 0
AtaSectorNumber: 0
AtaCylinderLow: 0
AtaCylinderHigh: 0
AtaDeviceHead: 224
AtaSectorNumberExp: 0
AtaCylinderLowExp: 0
AtaCylinderHighExp: 0
AtaFeaturesExp: 0
AtaSectorCount: 1
AtaSectorCountExp: 0
ATA STATUS BLOCK:
AtaStatus: 80
AtaError: 0
Starting command for sync DMA transfer:
ATA COMMAND BLOCK:
AtaCommand: 200
AtaFeatures: 0
AtaSectorNumber: 4
AtaCylinderLow: 0
AtaCylinderHigh: 0
AtaDeviceHead: 224
AtaSectorNumberExp: 0
AtaCylinderLowExp: 0
AtaCylinderHighExp: 0
AtaFeaturesExp: 0
AtaSectorCount: 1
AtaSectorCountExp: 0
ATA STATUS BLOCK:
AtaStatus: 80
AtaError: 0
InstallProtocolInterface: 964E5B22-6459-11D2-8E39-00A0C969723B E7B5030
Installed Fat filesystem on E7BCF18
ValidateSetVariable - Variable (8BE4DF61-93CA-11D2-AA0D-00E098032B8C:ConInDev) returning Success.
ValidateSetVariable - Variable (8BE4DF61-93CA-11D2-AA0D-00E098032B8C:ConOutDev) returning Success.
ValidateSetVariable - Variable (8BE4DF61-93CA-11D2-AA0D-00E098032B8C:ErrOutDev) returning Success.
ClockRate = 1843200
Divisor   = 1
BaudRate/Actual (115200/115200) = 100%
PciSioSerial: Create SIO child serial device - Device Error
 BlockSize : 2048 
 LastBlock : 0 
Starting command for non data transfer:
ATA COMMAND BLOCK:
AtaCommand: 160
AtaFeatures: 0
AtaSectorNumber: 0
AtaCylinderLow: FF
AtaCylinderHigh: FF
AtaDeviceHead: 0
AtaSectorNumberExp: 0
AtaCylinderLowExp: 0
AtaCylinderHighExp: 0
AtaFeaturesExp: 0
AtaSectorCount: 0
AtaSectorCountExp: 0
AHCI: Error interrupt reported PxIS: 40000000
Non data transfer failed at retry 0
Failed to execute command for non data transfer:
ATA COMMAND BLOCK:
AtaCommand: 160
AtaFeatures: 0
AtaSectorNumber: 0
AtaCylinderLow: FF
AtaCylinderHigh: FF
AtaDeviceHead: 0
AtaSectorNumberExp: 0
AtaCylinderLowExp: 0
AtaCylinderHighExp: 0
AtaFeaturesExp: 0
AtaSectorCount: 0
AtaSectorCountExp: 0
ATA STATUS BLOCK:
AtaStatus: 65
AtaError: 32
Starting command for PIO transfer:
ATA COMMAND BLOCK:
AtaCommand: 160
AtaFeatures: 0
AtaSectorNumber: 0
AtaCylinderLow: FF
AtaCylinderHigh: FF
AtaDeviceHead: 0
AtaSectorNumberExp: 0
AtaCylinderLowExp: 0
AtaCylinderHighExp: 0
AtaFeaturesExp: 0
AtaSectorCount: 0
AtaSectorCountExp: 0
ATA STATUS BLOCK:
AtaStatus: 80
AtaError: 0
Starting command for PIO transfer:
ATA COMMAND BLOCK:
AtaCommand: 160
AtaFeatures: 0
AtaSectorNumber: 0
AtaCylinderLow: FF
AtaCylinderHigh: FF
AtaDeviceHead: 0
AtaSectorNumberExp: 0
AtaCylinderLowExp: 0
AtaCylinderHighExp: 0
AtaFeaturesExp: 0
AtaSectorCount: 0
AtaSectorCountExp: 0
ATA STATUS BLOCK:
AtaStatus: 80
AtaError: 0
Starting command for PIO transfer:
ATA COMMAND BLOCK:
AtaCommand: 160
AtaFeatures: 0
AtaSectorNumber: 0
AtaCylinderLow: FF
AtaCylinderHigh: FF
AtaDeviceHead: 0
AtaSectorNumberExp: 0
AtaCylinderLowExp: 0
AtaCylinderHighExp: 0
AtaFeaturesExp: 0
AtaSectorCount: 0
AtaSectorCountExp: 0
ATA STATUS BLOCK:
AtaStatus: 80
AtaError: 0
Starting command for PIO transfer:
ATA COMMAND BLOCK:
AtaCommand: 160
AtaFeatures: 0
AtaSectorNumber: 0
AtaCylinderLow: FF
AtaCylinderHigh: FF
AtaDeviceHead: 0
AtaSectorNumberExp: 0
AtaCylinderLowExp: 0
AtaCylinderHighExp: 0
AtaFeaturesExp: 0
AtaSectorCount: 0
AtaSectorCountExp: 0
ATA STATUS BLOCK:
AtaStatus: 80
AtaError: 0
Starting command for PIO transfer:
ATA COMMAND BLOCK:
AtaCommand: 160
AtaFeatures: 0
AtaSectorNumber: 0
AtaCylinderLow: FF
AtaCylinderHigh: FF
AtaDeviceHead: 0
AtaSectorNumberExp: 0
AtaCylinderLowExp: 0
AtaCylinderHighExp: 0
AtaFeaturesExp: 0
AtaSectorCount: 0
AtaSectorCountExp: 0
ATA STATUS BLOCK:
AtaStatus: 80
AtaError: 0
Starting command for PIO transfer:
ATA COMMAND BLOCK:
AtaCommand: 160
AtaFeatures: 0
AtaSectorNumber: 0
AtaCylinderLow: FF
AtaCylinderHigh: FF
AtaDeviceHead: 0
AtaSectorNumberExp: 0
AtaCylinderLowExp: 0
AtaCylinderHighExp: 0
AtaFeaturesExp: 0
AtaSectorCount: 0
AtaSectorCountExp: 0
ATA STATUS BLOCK:
AtaStatus: 80
AtaError: 0
EfiGetMemoryAttributes: 0xE13B000 - 0x1000
EfiGetMemoryAttributes: Attributes is 0x0
ScsiDisk: ScsiDiskIsNoMedia
Starting command for non data transfer:
ATA COMMAND BLOCK:
AtaCommand: 160
AtaFeatures: 0
AtaSectorNumber: 0
AtaCylinderLow: FF
AtaCylinderHigh: FF
AtaDeviceHead: 0
AtaSectorNumberExp: 0
AtaCylinderLowExp: 0
AtaCylinderHighExp: 0
AtaFeaturesExp: 0
AtaSectorCount: 0
AtaSectorCountExp: 0
AHCI: Error interrupt reported PxIS: 40000000
Non data transfer failed at retry 0
Failed to execute command for non data transfer:
ATA COMMAND BLOCK:
AtaCommand: 160
AtaFeatures: 0
AtaSectorNumber: 0
AtaCylinderLow: FF
AtaCylinderHigh: FF
AtaDeviceHead: 0
AtaSectorNumberExp: 0
AtaCylinderLowExp: 0
AtaCylinderHighExp: 0
AtaFeaturesExp: 0
AtaSectorCount: 0
AtaSectorCountExp: 0
ATA STATUS BLOCK:
AtaStatus: 65
AtaError: 32
Starting command for PIO transfer:
ATA COMMAND BLOCK:
AtaCommand: 160
AtaFeatures: 0
AtaSectorNumber: 0
AtaCylinderLow: FF
AtaCylinderHigh: FF
AtaDeviceHead: 0
AtaSectorNumberExp: 0
AtaCylinderLowExp: 0
AtaCylinderHighExp: 0
AtaFeaturesExp: 0
AtaSectorCount: 0
AtaSectorCountExp: 0
ATA STATUS BLOCK:
AtaStatus: 80
AtaError: 0
Starting command for PIO transfer:
ATA COMMAND BLOCK:
AtaCommand: 160
AtaFeatures: 0
AtaSectorNumber: 0
AtaCylinderLow: FF
AtaCylinderHigh: FF
AtaDeviceHead: 0
AtaSectorNumberExp: 0
AtaCylinderLowExp: 0
AtaCylinderHighExp: 0
AtaFeaturesExp: 0
AtaSectorCount: 0
AtaSectorCountExp: 0
ATA STATUS BLOCK:
AtaStatus: 80
AtaError: 0
Starting command for PIO transfer:
ATA COMMAND BLOCK:
AtaCommand: 160
AtaFeatures: 0
AtaSectorNumber: 0
AtaCylinderLow: FF
AtaCylinderHigh: FF
AtaDeviceHead: 0
AtaSectorNumberExp: 0
AtaCylinderLowExp: 0
AtaCylinderHighExp: 0
AtaFeaturesExp: 0
AtaSectorCount: 0
AtaSectorCountExp: 0
ATA STATUS BLOCK:
AtaStatus: 80
AtaError: 0
Starting command for PIO transfer:
ATA COMMAND BLOCK:
AtaCommand: 160
AtaFeatures: 0
AtaSectorNumber: 0
AtaCylinderLow: FF
AtaCylinderHigh: FF
AtaDeviceHead: 0
AtaSectorNumberExp: 0
AtaCylinderLowExp: 0
AtaCylinderHighExp: 0
AtaFeaturesExp: 0
AtaSectorCount: 0
AtaSectorCountExp: 0
ATA STATUS BLOCK:
AtaStatus: 80
AtaError: 0
Starting command for PIO transfer:
ATA COMMAND BLOCK:
AtaCommand: 160
AtaFeatures: 0
AtaSectorNumber: 0
AtaCylinderLow: FF
AtaCylinderHigh: FF
AtaDeviceHead: 0
AtaSectorNumberExp: 0
AtaCylinderLowExp: 0
AtaCylinderHighExp: 0
AtaFeaturesExp: 0
AtaSectorCount: 0
AtaSectorCountExp: 0
ATA STATUS BLOCK:
AtaStatus: 80
AtaError: 0
Starting command for PIO transfer:
ATA COMMAND BLOCK:
AtaCommand: 160
AtaFeatures: 0
AtaSectorNumber: 0
AtaCylinderLow: FF
AtaCylinderHigh: FF
AtaDeviceHead: 0
AtaSectorNumberExp: 0
AtaCylinderLowExp: 0
AtaCylinderHighExp: 0
AtaFeaturesExp: 0
AtaSectorCount: 0
AtaSectorCountExp: 0
ATA STATUS BLOCK:
AtaStatus: 80
AtaError: 0
EfiGetMemoryAttributes: 0xE7A8000 - 0x1000
EfiGetMemoryAttributes: Attributes is 0x0
ScsiDisk: ScsiDiskIsNoMedia
FatOpenDevice: read of part_lba failed No Media
ValidateSetVariable - Variable (8BE4DF61-93CA-11D2-AA0D-00E098032B8C:ConInDev) returning Success.
ValidateSetVariable - Variable (8BE4DF61-93CA-11D2-AA0D-00E098032B8C:ConOutDev) returning Success.
ValidateSetVariable - Variable (8BE4DF61-93CA-11D2-AA0D-00E098032B8C:ErrOutDev) returning Success.
ClockRate = 1843200
Divisor   = 1
BaudRate/Actual (115200/115200) = 100%
PciSioSerial: Create SIO child serial device - Device Error
ValidateSetVariable - Variable (8BE4DF61-93CA-11D2-AA0D-00E098032B8C:ConInDev) returning Success.
ValidateSetVariable - Variable (8BE4DF61-93CA-11D2-AA0D-00E098032B8C:ConOutDev) returning Success.
ValidateSetVariable - Variable (8BE4DF61-93CA-11D2-AA0D-00E098032B8C:ErrOutDev) returning Success.
ValidateSetVariable - Variable (8BE4DF61-93CA-11D2-AA0D-00E098032B8C:BootOrder) returning Success.
ValidateSetVariable - Variable (8BE4DF61-93CA-11D2-AA0D-00E098032B8C:Boot0002) returning Success.
Select Item: 0x19
InternalQemuFwCfgCacheReadBytes: found Item 0x19 in FwCfg Cache
InternalQemuFwCfgCacheReadBytes: found Item 0x19 in FwCfg Cache
InternalQemuFwCfgCacheReadBytes: found Item 0x19 in FwCfg Cache
InternalQemuFwCfgCacheReadBytes: found Item 0x19 in FwCfg Cache
InternalQemuFwCfgCacheReadBytes: found Item 0x19 in FwCfg Cache
InternalQemuFwCfgCacheReadBytes: found Item 0x19 in FwCfg Cache
InternalQemuFwCfgCacheReadBytes: found Item 0x19 in FwCfg Cache
InternalQemuFwCfgCacheReadBytes: found Item 0x19 in FwCfg Cache
InternalQemuFwCfgCacheReadBytes: found Item 0x19 in FwCfg Cache
InternalQemuFwCfgCacheReadBytes: found Item 0x19 in FwCfg Cache
InternalQemuFwCfgCacheReadBytes: found Item 0x19 in FwCfg Cache
InternalQemuFwCfgCacheReadBytes: found Item 0x19 in FwCfg Cache
InternalQemuFwCfgCacheReadBytes: found Item 0x19 in FwCfg Cache
InternalQemuFwCfgCacheReadBytes: found Item 0x19 in FwCfg Cache
InternalQemuFwCfgCacheReadBytes: found Item 0x19 in FwCfg Cache
InternalQemuFwCfgCacheReadBytes: found Item 0x19 in FwCfg Cache
InternalQemuFwCfgCacheReadBytes: found Item 0x19 in FwCfg Cache
InternalQemuFwCfgCacheReadBytes: found Item 0x19 in FwCfg Cache
InternalQemuFwCfgCacheReadBytes: found Item 0x19 in FwCfg Cache
InternalQemuFwCfgCacheReadBytes: found Item 0x19 in FwCfg Cache
InternalQemuFwCfgCacheReadBytes: found Item 0x19 in FwCfg Cache
InternalQemuFwCfgCacheReadBytes: found Item 0x19 in FwCfg Cache
InternalQemuFwCfgCacheReadBytes: found Item 0x19 in FwCfg Cache
InternalQemuFwCfgCacheReadBytes: found Item 0x19 in FwCfg Cache
InternalQemuFwCfgCacheReadBytes: found Item 0x19 in FwCfg Cache
InternalQemuFwCfgCacheReadBytes: found Item 0x19 in FwCfg Cache
InternalQemuFwCfgCacheReadBytes: found Item 0x19 in FwCfg Cache
InternalQemuFwCfgCacheReadBytes: found Item 0x19 in FwCfg Cache
InternalQemuFwCfgCacheReadBytes: found Item 0x19 in FwCfg Cache
InternalQemuFwCfgCacheReadBytes: found Item 0x19 in FwCfg Cache
InternalQemuFwCfgCacheReadBytes: found Item 0x19 in FwCfg Cache
InternalQemuFwCfgCacheReadBytes: found Item 0x19 in FwCfg Cache
InternalQemuFwCfgCacheReadBytes: found Item 0x19 in FwCfg Cache
InternalQemuFwCfgCacheReadBytes: found Item 0x19 in FwCfg Cache
InternalQemuFwCfgCacheReadBytes: found Item 0x19 in FwCfg Cache
InternalQemuFwCfgCacheReadBytes: found Item 0x19 in FwCfg Cache
InternalQemuFwCfgCacheReadBytes: found Item 0x19 in FwCfg Cache
InternalQemuFwCfgCacheReadBytes: found Item 0x19 in FwCfg Cache
InternalQemuFwCfgCacheReadBytes: found Item 0x19 in FwCfg Cache
InternalQemuFwCfgCacheReadBytes: found Item 0x19 in FwCfg Cache
InternalQemuFwCfgCacheReadBytes: found Item 0x19 in FwCfg Cache
InternalQemuFwCfgCacheReadBytes: found Item 0x19 in FwCfg Cache
InternalQemuFwCfgCacheReadBytes: found Item 0x19 in FwCfg Cache
InternalQemuFwCfgCacheReadBytes: found Item 0x19 in FwCfg Cache
InternalQemuFwCfgCacheReadBytes: found Item 0x19 in FwCfg Cache
InternalQemuFwCfgCacheReadBytes: found Item 0x19 in FwCfg Cache
InternalQemuFwCfgCacheReadBytes: found Item 0x19 in FwCfg Cache
InternalQemuFwCfgCacheReadBytes: found Item 0x19 in FwCfg Cache
InternalQemuFwCfgCacheReadBytes: found Item 0x19 in FwCfg Cache
InternalQemuFwCfgCacheReadBytes: found Item 0x19 in FwCfg Cache
InternalQemuFwCfgCacheReadBytes: found Item 0x19 in FwCfg Cache
InternalQemuFwCfgCacheReadBytes: found Item 0x19 in FwCfg Cache
InternalQemuFwCfgCacheReadBytes: found Item 0x19 in FwCfg Cache
InternalQemuFwCfgCacheReadBytes: found Item 0x19 in FwCfg Cache
InternalQemuFwCfgCacheReadBytes: found Item 0x19 in FwCfg Cache
InternalQemuFwCfgCacheReadBytes: found Item 0x19 in FwCfg Cache
InternalQemuFwCfgCacheReadBytes: found Item 0x19 in FwCfg Cache
InternalQemuFwCfgCacheReadBytes: found Item 0x19 in FwCfg Cache
InternalQemuFwCfgCacheReadBytes: found Item 0x19 in FwCfg Cache
InternalQemuFwCfgCacheReadBytes: found Item 0x19 in FwCfg Cache
InternalQemuFwCfgCacheReadBytes: found Item 0x19 in FwCfg Cache
ValidateSetVariable - Variable (8BE4DF61-93CA-11D2-AA0D-00E098032B8C:BootOrder) returning Success.
ValidateSetVariable - Variable (8BE4DF61-93CA-11D2-AA0D-00E098032B8C:Boot0003) returning Success.
Select Item: 0x19
InternalQemuFwCfgCacheReadBytes: found Item 0x19 in FwCfg Cache
InternalQemuFwCfgCacheReadBytes: found Item 0x19 in FwCfg Cache
InternalQemuFwCfgCacheReadBytes: found Item 0x19 in FwCfg Cache
InternalQemuFwCfgCacheReadBytes: found Item 0x19 in FwCfg Cache
InternalQemuFwCfgCacheReadBytes: found Item 0x19 in FwCfg Cache
InternalQemuFwCfgCacheReadBytes: found Item 0x19 in FwCfg Cache
InternalQemuFwCfgCacheReadBytes: found Item 0x19 in FwCfg Cache
InternalQemuFwCfgCacheReadBytes: found Item 0x19 in FwCfg Cache
InternalQemuFwCfgCacheReadBytes: found Item 0x19 in FwCfg Cache
[Bds]OsIndication: 0000000000000000
[Bds]=============Begin Load Options Dumping ...=============
  Driver Options:
  SysPrep Options:
  Boot Options:
    Boot0000: BootManagerMenuApp 		 0x0109
    Boot0001: EFI Firmware Setup 		 0x0101
    Boot0002: UEFI QEMU HARDDISK QM00001  		 0x0001
    Boot0003: EFI Internal Shell 		 0x0101
  PlatformRecovery Options:
    PlatformRecovery0000: Default PlatformRecovery 		 0x0001
[Bds]=============End Load Options Dumping=============
[Bds]BdsWait ...Zzzzzzzzzzzz...
[Bds]Exit the waiting!
ValidateSetVariable - Variable (8BE4DF61-93CA-11D2-AA0D-00E098032B8C:BootCurrent) returning Success.
VirtHstiQemuFirmwareFlashCheck: FFE20010 behaves as FLASH, write-protected
[Bds]Stop Hotkey Service!
[Bds]UnregisterKeyNotify: 000C/0000 Success
[Bds]UnregisterKeyNotify: 0017/0000 Success
[Bds]UnregisterKeyNotify: 0000/000D Success
MemoryAttributesTable:
  Version              - 0x00000002
  NumberOfEntries      - 0x00000016
  DescriptorSize       - 0x00000030
Entry (0xE7B1028)
  Type              - 0x6
  PhysicalStart     - 0x000000000F4ED000
  VirtualStart      - 0x0000000000000000
  NumberOfPages     - 0x0000000000000100
  Attribute         - 0x8000000000004000
Entry (0xE7B1058)
  Type              - 0x5
  PhysicalStart     - 0x000000000F5ED000
  VirtualStart      - 0x0000000000000000
  NumberOfPages     - 0x00000000000000C4
  Attribute         - 0x8000000000024000
Entry (0xE7B1088)
  Type              - 0x5
  PhysicalStart     - 0x000000000F6B1000
  VirtualStart      - 0x0000000000000000
  NumberOfPages     - 0x0000000000000001
  Attribute         - 0x8000000000004000
Entry (0xE7B10B8)
  Type              - 0x5
  PhysicalStart     - 0x000000000F6B2000
  VirtualStart      - 0x0000000000000000
  NumberOfPages     - 0x0000000000000002
  Attribute         - 0x8000000000020000
Entry (0xE7B10E8)
  Type              - 0x5
  PhysicalStart     - 0x000000000F6B4000
  VirtualStart      - 0x0000000000000000
  NumberOfPages     - 0x0000000000000002
  Attribute         - 0x8000000000004000
Entry (0xE7B1118)
  Type              - 0x5
  PhysicalStart     - 0x000000000F6B6000
  VirtualStart      - 0x0000000000000000
  NumberOfPages     - 0x0000000000000002
  Attribute         - 0x8000000000020000
Entry (0xE7B1148)
  Type              - 0x5
  PhysicalStart     - 0x000000000F6B8000
  VirtualStart      - 0x0000000000000000
  NumberOfPages     - 0x0000000000000002
  Attribute         - 0x8000000000004000
Entry (0xE7B1178)
  Type              - 0x5
  PhysicalStart     - 0x000000000F6BA000
  VirtualStart      - 0x0000000000000000
  NumberOfPages     - 0x0000000000000004
  Attribute         - 0x8000000000020000
Entry (0xE7B11A8)
  Type              - 0x5
  PhysicalStart     - 0x000000000F6BE000
  VirtualStart      - 0x0000000000000000
  NumberOfPages     - 0x0000000000000002
  Attribute         - 0x8000000000004000
Entry (0xE7B11D8)
  Type              - 0x5
  PhysicalStart     - 0x000000000F6C0000
  VirtualStart      - 0x0000000000000000
  NumberOfPages     - 0x0000000000000002
  Attribute         - 0x8000000000020000
Entry (0xE7B1208)
  Type              - 0x5
  PhysicalStart     - 0x000000000F6C2000
  VirtualStart      - 0x0000000000000000
  NumberOfPages     - 0x0000000000000002
  Attribute         - 0x8000000000004000
Entry (0xE7B1238)
  Type              - 0x5
  PhysicalStart     - 0x000000000F6C4000
  VirtualStart      - 0x0000000000000000
  NumberOfPages     - 0x000000000000000D
  Attribute         - 0x8000000000020000
Entry (0xE7B1268)
  Type              - 0x5
  PhysicalStart     - 0x000000000F6D1000
  VirtualStart      - 0x0000000000000000
  NumberOfPages     - 0x0000000000000003
  Attribute         - 0x8000000000004000
Entry (0xE7B1298)
  Type              - 0x5
  PhysicalStart     - 0x000000000F6D4000
  VirtualStart      - 0x0000000000000000
  NumberOfPages     - 0x0000000000000003
  Attribute         - 0x8000000000020000
Entry (0xE7B12C8)
  Type              - 0x5
  PhysicalStart     - 0x000000000F6D7000
  VirtualStart      - 0x0000000000000000
  NumberOfPages     - 0x0000000000000003
  Attribute         - 0x8000000000004000
Entry (0xE7B12F8)
  Type              - 0x5
  PhysicalStart     - 0x000000000F6DA000
  VirtualStart      - 0x0000000000000000
  NumberOfPages     - 0x0000000000000003
  Attribute         - 0x8000000000020000
Entry (0xE7B1328)
  Type              - 0x5
  PhysicalStart     - 0x000000000F6DD000
  VirtualStart      - 0x0000000000000000
  NumberOfPages     - 0x0000000000000003
  Attribute         - 0x8000000000004000
Entry (0xE7B1358)
  Type              - 0x5
  PhysicalStart     - 0x000000000F6E0000
  VirtualStart      - 0x0000000000000000
  NumberOfPages     - 0x0000000000000003
  Attribute         - 0x8000000000020000
Entry (0xE7B1388)
  Type              - 0x5
  PhysicalStart     - 0x000000000F6E3000
  VirtualStart      - 0x0000000000000000
  NumberOfPages     - 0x0000000000000003
  Attribute         - 0x8000000000004000
Entry (0xE7B13B8)
  Type              - 0x5
  PhysicalStart     - 0x000000000F6E6000
  VirtualStart      - 0x0000000000000000
  NumberOfPages     - 0x0000000000000005
  Attribute         - 0x8000000000020000
Entry (0xE7B13E8)
  Type              - 0x5
  PhysicalStart     - 0x000000000F6EB000
  VirtualStart      - 0x0000000000000000
  NumberOfPages     - 0x0000000000000002
  Attribute         - 0x8000000000004000
Entry (0xE7B1418)
  Type              - 0x6
  PhysicalStart     - 0x000000000FF58000
  VirtualStart      - 0x0000000000000000
  NumberOfPages     - 0x0000000000000020
  Attribute         - 0x8000000000004000
Memory  Previous  Current    Next   
 Type    Pages     Pages     Pages  
======  ========  ========  ========
  0A    00000080  00000022  00000080
  09    00000012  0000000B  00000012
  00    00000080  00000037  00000080
  05    00000100  0000003C  00000100
  06    00000100  000000F9  00000100
ValidateSetVariable - Variable (4C19049F-4137-4DD3-9C10-8B97A83FFDFA:MemoryTypeInformation) returning Success.
[Bds]Booting UEFI QEMU HARDDISK QM00001 
Starting command for sync DMA transfer:
ATA COMMAND BLOCK:
AtaCommand: 200
AtaFeatures: 0
AtaSectorNumber: 4
AtaCylinderLow: 0
AtaCylinderHigh: 0
AtaDeviceHead: 224
AtaSectorNumberExp: 0
AtaCylinderLowExp: 0
AtaCylinderHighExp: 0
AtaFeaturesExp: 0
AtaSectorCount: 128
AtaSectorCountExp: 0
ATA STATUS BLOCK:
AtaStatus: 80
AtaError: 0
Starting command for sync DMA transfer:
ATA COMMAND BLOCK:
AtaCommand: 200
AtaFeatures: 0
AtaSectorNumber: 4
AtaCylinderLow: 0
AtaCylinderHigh: 0
AtaDeviceHead: 224
AtaSectorNumberExp: 0
AtaCylinderLowExp: 0
AtaCylinderHighExp: 0
AtaFeaturesExp: 0
AtaSectorCount: 64
AtaSectorCountExp: 0
ATA STATUS BLOCK:
AtaStatus: 80
AtaError: 0
FSOpen: Open '\EFI\BOOT\BOOTX64.EFI' Success
Starting command for sync DMA transfer:
ATA COMMAND BLOCK:
AtaCommand: 200
AtaFeatures: 0
AtaSectorNumber: 132
AtaCylinderLow: 0
AtaCylinderHigh: 0
AtaDeviceHead: 224
AtaSectorNumberExp: 0
AtaCylinderLowExp: 0
AtaCylinderHighExp: 0
AtaFeaturesExp: 0
AtaSectorCount: 0
AtaSectorCountExp: 0
ATA STATUS BLOCK:
AtaStatus: 80
AtaError: 0
Starting command for sync DMA transfer:
ATA COMMAND BLOCK:
AtaCommand: 200
AtaFeatures: 0
AtaSectorNumber: 132
AtaCylinderLow: 0
AtaCylinderHigh: 0
AtaDeviceHead: 224
AtaSectorNumberExp: 0
AtaCylinderLowExp: 0
AtaCylinderHighExp: 0
AtaFeaturesExp: 0
AtaSectorCount: 0
AtaSectorCountExp: 0
ATA STATUS BLOCK:
AtaStatus: 80
AtaError: 0
Starting command for sync DMA transfer:
ATA COMMAND BLOCK:
AtaCommand: 200
AtaFeatures: 0
AtaSectorNumber: 132
AtaCylinderLow: 0
AtaCylinderHigh: 0
AtaDeviceHead: 224
AtaSectorNumberExp: 0
AtaCylinderLowExp: 0
AtaCylinderHighExp: 0
AtaFeaturesExp: 0
AtaSectorCount: 0
AtaSectorCountExp: 0
ATA STATUS BLOCK:
AtaStatus: 80
AtaError: 0
Starting command for sync DMA transfer:
ATA COMMAND BLOCK:
AtaCommand: 200
AtaFeatures: 0
AtaSectorNumber: 132
AtaCylinderLow: 0
AtaCylinderHigh: 0
AtaDeviceHead: 224
AtaSectorNumberExp: 0
AtaCylinderLowExp: 0
AtaCylinderHighExp: 0
AtaFeaturesExp: 0
AtaSectorCount: 0
AtaSectorCountExp: 0
ATA STATUS BLOCK:
AtaStatus: 80
AtaError: 0
Starting command for sync DMA transfer:
ATA COMMAND BLOCK:
AtaCommand: 200
AtaFeatures: 0
AtaSectorNumber: 132
AtaCylinderLow: 0
AtaCylinderHigh: 0
AtaDeviceHead: 224
AtaSectorNumberExp: 0
AtaCylinderLowExp: 0
AtaCylinderHighExp: 0
AtaFeaturesExp: 0
AtaSectorCount: 0
AtaSectorCountExp: 0
ATA STATUS BLOCK:
AtaStatus: 80
AtaError: 0
Starting command for sync DMA transfer:
ATA COMMAND BLOCK:
AtaCommand: 200
AtaFeatures: 0
AtaSectorNumber: 132
AtaCylinderLow: 0
AtaCylinderHigh: 0
AtaDeviceHead: 224
AtaSectorNumberExp: 0
AtaCylinderLowExp: 0
AtaCylinderHighExp: 0
AtaFeaturesExp: 0
AtaSectorCount: 0
AtaSectorCountExp: 0
ATA STATUS BLOCK:
AtaStatus: 80
AtaError: 0
Starting command for sync DMA transfer:
ATA COMMAND BLOCK:
AtaCommand: 200
AtaFeatures: 0
AtaSectorNumber: 132
AtaCylinderLow: 0
AtaCylinderHigh: 0
AtaDeviceHead: 224
AtaSectorNumberExp: 0
AtaCylinderLowExp: 0
AtaCylinderHighExp: 0
AtaFeaturesExp: 0
AtaSectorCount: 0
AtaSectorCountExp: 0
ATA STATUS BLOCK:
AtaStatus: 80
AtaError: 0
Starting command for sync DMA transfer:
ATA COMMAND BLOCK:
AtaCommand: 200
AtaFeatures: 0
AtaSectorNumber: 132
AtaCylinderLow: 0
AtaCylinderHigh: 0
AtaDeviceHead: 224
AtaSectorNumberExp: 0
AtaCylinderLowExp: 0
AtaCylinderHighExp: 0
AtaFeaturesExp: 0
AtaSectorCount: 0
AtaSectorCountExp: 0
ATA STATUS BLOCK:
AtaStatus: 80
AtaError: 0
Starting command for sync DMA transfer:
ATA COMMAND BLOCK:
AtaCommand: 200
AtaFeatures: 0
AtaSectorNumber: 132
AtaCylinderLow: 0
AtaCylinderHigh: 0
AtaDeviceHead: 224
AtaSectorNumberExp: 0
AtaCylinderLowExp: 0
AtaCylinderHighExp: 0
AtaFeaturesExp: 0
AtaSectorCount: 128
AtaSectorCountExp: 0
ATA STATUS BLOCK:
AtaStatus: 80
AtaError: 0
[Bds] Expand PciRoot(0x0)/Pci(0x1F,0x2)/Sata(0x0,0xFFFF,0x0) -> PciRoot(0x0)/Pci(0x1F,0x2)/Sata(0x0,0xFFFF,0x0)/\EFI\BOOT\BOOTX64.EFI
[Security] 3rd party image[0] can be loaded after EndOfDxe: PciRoot(0x0)/Pci(0x1F,0x2)/Sata(0x0,0xFFFF,0x0)/\EFI\BOOT\BOOTX64.EFI.
InstallProtocolInterface: 5B1B31A1-9562-11D2-8E3F-00A0C969723B E8B1040
Loading driver at 0x0000DE24000 EntryPoint=0x0000DE28000 
InstallProtocolInterface: BC62157E-3E33-4FEC-9920-2D3B36D750DF E8B1598
ProtectUefiImageCommon - 0xE8B1040
  - 0x000000000DE24000 - 0x0000000000109000
EfiGetMemoryAttributes: 0xE003000 - 0x1000
EfiGetMemoryAttributes: Attributes is 0x0
EfiGetMemoryAttributes: 0xE004000 - 0x2D000
EfiGetMemoryAttributes: Attributes is 0x0
